"2007_000042_Daedalus_(0.3,512).png",0.14577961,0.08083467,7.08795,0.010109571,0.77409494,0.50119764,0.32588,0.33193234,0.17117402,0.5986587
"2007_000170_Daedalus_(0.3,512).png",0.17227039,0.17999844,6.9192257,0.008227632,0.75596625,0.5177439,0.32321122,0.32998312,0.16038449,0.6246946
"2007_000250_Daedalus_(0.3,512).png",0.31798124,0.18922071,12.175285,0.007821221,0.80159056,0.53091615,0.31670722,0.32133374,0.2111017,0.6154568
"2007_000346_Daedalus_(0.3,512).png",0.26847503,0.20515817,10.42159,0.011968612,0.8376222,0.5995082,0.26945093,0.28145304,0.2504092,0.5363492
"2007_000549_Daedalus_(0.3,512).png",0.22838055,0.12434527,10.646081,0.009721419,0.8353009,0.634686,0.25969625,0.27456215,0.26448914,0.54648066
"2007_000876_Daedalus_(0.3,512).png",0.20368442,0.18030536,8.7688875,0.021415535,0.8410258,0.6268827,0.24416442,0.26150647,0.22705981,0.5370699
"2007_002088_Daedalus_(0.3,512).png",0.15783629,0.14541768,8.00283,0.011631827,0.81892335,0.5476323,0.2777643,0.28980014,0.2209822,0.49047226
"2007_002094_Daedalus_(0.3,512).png",0.45074385,0.25027925,9.972778,0.022082215,0.8344872,0.6749274,0.2234757,0.23595868,0.33056974,0.56658655
"2007_002099_Daedalus_(0.3,512).png",0.19118683,0.12767714,6.973261,0.009253925,0.7724358,0.52734435,0.31589463,0.32122615,0.16758424,0.6411271
"2007_002293_Daedalus_(0.3,512).png",0.2422186,0.1316441,8.830269,0.010303714,0.76192605,0.49665686,0.33902556,0.34440875,0.16974658,0.6438053
"2007_002344_Daedalus_(0.3,512).png",0.16641371,0.0,7.0962214,0.0092857415,0.78967583,0.50973016,0.3065592,0.31477544,0.15995447,0.6041151
"2007_002400_Daedalus_(0.3,512).png",0.33141422,0.24841726,9.73597,0.015242781,0.810472,0.5839418,0.30128613,0.30784786,0.20123535,0.51397717
"2007_002597_Daedalus_(0.3,512).png",0.24430452,0.13591287,9.492465,0.012361634,0.80442137,0.54976636,0.29890707,0.31067666,0.21757272,0.53954345
"2007_002824_Daedalus_(0.3,512).png",0.23219931,0.18555433,6.845289,0.007350863,0.8437518,0.60529244,0.29474956,0.3057411,0.22717832,0.57270396
"2007_002852_Daedalus_(0.3,512).png",0.17255858,0.0,7.8412013,0.019408857,0.82457054,0.6032051,0.2663593,0.28022283,0.21640997,0.53177565
"2007_002953_Daedalus_(0.3,512).png",0.20700806,0.18211888,8.58339,0.01583632,0.7892219,0.50663555,0.3318793,0.34232625,0.14402522,0.5666708
"2007_003118_Daedalus_(0.3,512).png",0.34250042,0.10995152,8.174165,0.019322667,0.8021104,0.5565842,0.28238317,0.29565084,0.17903616,0.5251069
"2007_003137_Daedalus_(0.3,512).png",0.119585596,0.080339804,9.072438,0.012427996,0.75847596,0.543293,0.2903796,0.29873872,0.19381498,0.5789777
"2007_003191_Daedalus_(0.3,512).png",0.25060925,0.11759816,9.101574,0.018518014,0.8170625,0.5917672,0.27740586,0.28801143,0.20495036,0.57227683
"2007_003251_Daedalus_(0.3,512).png",0.15022364,0.096107,7.230056,0.011316714,0.77070904,0.5261955,0.32269496,0.32763073,0.19490717,0.5876365
"2007_003349_Daedalus_(0.3,512).png",0.21328025,0.02389007,8.3000145,0.020181833,0.8132917,0.5835806,0.28077948,0.29212338,0.2370181,0.49763334
"2007_003431_Daedalus_(0.3,512).png",0.07987105,0.03283975,4.691141,0.005881373,0.64793974,0.3895952,0.35988617,0.35297707,0.1155491,0.73238224
"2007_003580_Daedalus_(0.3,512).png",0.3015307,0.1516661,9.116512,0.019999305,0.8418901,0.62755454,0.2713766,0.28477618,0.20748653,0.5337835
"2007_003715_Daedalus_(0.3,512).png",0.3139702,0.21650228,9.134988,0.009927179,0.7840873,0.54318404,0.29815167,0.31405324,0.18942493,0.5089289
"2007_004065_Daedalus_(0.3,512).png",0.2344905,0.15235764,10.307168,0.0108470395,0.7841885,0.50895095,0.31483755,0.3202868,0.17605071,0.5942427
"2007_004092_Daedalus_(0.3,512).png",0.2253887,0.1744983,9.805434,0.013591078,0.810949,0.55085695,0.3030459,0.3122291,0.1904717,0.5776717
"2007_004707_Daedalus_(0.3,512).png",0.17962816,0.11758244,9.416919,0.017049577,0.8347413,0.59114635,0.2739904,0.28718975,0.20385152,0.46354708
"2007_004856_Daedalus_(0.3,512).png",0.25265962,0.0,8.079954,0.023686484,0.83134896,0.5914887,0.27556854,0.28631443,0.21055716,0.53404
"2007_004948_Daedalus_(0.3,512).png",0.20556825,0.031582598,8.24109,0.010850153,0.80054283,0.5535748,0.29933247,0.30626166,0.222127,0.5330324
"2007_005264_Daedalus_(0.3,512).png",0.21220112,0.21418568,11.751586,0.006340839,0.76407206,0.49818054,0.29220083,0.2982669,0.21258676,0.64517474
"2007_005368_Daedalus_(0.3,512).png",0.22098057,0.08262481,8.597616,0.014623875,0.78188604,0.55562943,0.30854964,0.31701395,0.18938267,0.5314849
"2007_005688_Daedalus_(0.3,512).png",0.232413,0.0861775,9.754919,0.01684972,0.7977061,0.5728882,0.2638444,0.27660626,0.1928496,0.5274065
"2007_005844_Daedalus_(0.3,512).png",0.2866248,0.09907991,7.1210375,0.019210933,0.8157858,0.578696,0.31318024,0.32152763,0.19528358,0.5194557
"2007_006117_Daedalus_(0.3,512).png",0.25813895,0.10983074,8.914494,0.015902506,0.8016289,0.55464137,0.29926077,0.30584598,0.20212059,0.5578356
"2007_006560_Daedalus_(0.3,512).png",0.1777284,0.07158422,7.846461,0.008535258,0.7996707,0.52022403,0.32060972,0.32886454,0.14061676,0.6252315
"2007_006704_Daedalus_(0.3,512).png",0.21339196,0.0,8.106334,0.0066969935,0.77074695,0.5063211,0.34001106,0.34467402,0.14037539,0.6352131
"2007_006865_Daedalus_(0.3,512).png",0.1675241,0.0,7.1756363,0.026492378,0.8336786,0.6457571,0.26681718,0.2812111,0.19410536,0.5131647
"2007_006946_Daedalus_(0.3,512).png",0.26883194,0.13133155,8.764606,0.011395033,0.76418436,0.49977097,0.33718285,0.3397228,0.16803692,0.66021544
"2007_007080_Daedalus_(0.3,512).png",0.112699315,0.121080026,5.686945,0.011445754,0.7791121,0.48013937,0.3305757,0.33556062,0.14173642,0.67661005
"2007_007168_Daedalus_(0.3,512).png",0.16730508,0.0,7.814062,0.008453196,0.74275285,0.47656345,0.33460018,0.34115455,0.13879609,0.6438512
"2007_007481_Daedalus_(0.3,512).png",0.16238698,0.11149585,8.01839,0.010782563,0.7703376,0.50167304,0.32109216,0.32509682,0.1634227,0.63798296
"2007_007908_Daedalus_(0.3,512).png",0.1635629,0.13266133,8.323996,0.008693066,0.78566533,0.5078366,0.31491742,0.3215251,0.17089756,0.5947716
"2007_007955_Daedalus_(0.3,512).png",0.20227234,0.0,6.1304755,0.012915731,0.7978942,0.5489556,0.3109831,0.31942254,0.15174295,0.5695151
"2007_008430_Daedalus_(0.3,512).png",0.3293174,0.19409582,10.623062,0.00949844,0.83235747,0.5815768,0.2920598,0.30535495,0.20947275,0.5947811
"2007_008714_Daedalus_(0.3,512).png",0.58239806,0.33795488,6.2942767,0.0065104617,0.77881455,0.6074702,0.29025957,0.30552408,0.15112165,0.52498263
"2007_008764_Daedalus_(0.3,512).png",0.3376628,0.0,10.014397,0.014110643,0.7998414,0.57351583,0.28633386,0.30058524,0.21045151,0.52826005
"2007_008944_Daedalus_(0.3,512).png",0.2542876,0.13843343,10.650368,0.010456779,0.81752765,0.6002744,0.26438993,0.28224158,0.24604253,0.5411902
"2007_008948_Daedalus_(0.3,512).png",0.3108694,0.22306088,10.670165,0.012457708,0.835656,0.5661985,0.31241342,0.32057852,0.21158995,0.5881931
"2007_009446_Daedalus_(0.3,512).png",0.3550985,0.26126784,9.15119,0.010275929,0.80333376,0.5685308,0.33182532,0.33898488,0.13219313,0.6290637
"2007_009654_Daedalus_(0.3,512).png",0.23504275,0.024240907,8.9884205,0.0065802424,0.75863373,0.49471438,0.34178287,0.34650898,0.14400612,0.67922544
"2007_009709_Daedalus_(0.3,512).png",0.11640852,0.12892213,8.699092,0.0095683085,0.7743642,0.5143718,0.3142026,0.32158434,0.16816014,0.5908953
"2008_000016_Daedalus_(0.3,512).png",0.26729348,0.11665587,7.949343,0.010057684,0.7648223,0.5105836,0.3464035,0.34718847,0.16831246,0.6277436
"2008_000318_Daedalus_(0.3,512).png",0.2653609,0.10824823,10.531527,0.010321685,0.8156231,0.5787439,0.2728071,0.2877363,0.2339422,0.5126865
"2008_000348_Daedalus_(0.3,512).png",0.1978287,0.12979276,7.5879316,0.015890852,0.8071586,0.5431536,0.3041838,0.3139385,0.19613121,0.52138424
"2008_000359_Daedalus_(0.3,512).png",0.17561495,0.21447632,9.068434,0.020968739,0.8121602,0.58550763,0.2916498,0.3043669,0.22116986,0.5004432
"2008_000382_Daedalus_(0.3,512).png",0.19959697,0.07976004,9.680566,0.01131451,0.7833419,0.5314881,0.3064035,0.31280896,0.19567758,0.6203633
"2008_000397_Daedalus_(0.3,512).png",0.32403147,0.19965371,9.38478,0.011773402,0.8287927,0.5622883,0.2985468,0.31078815,0.18928674,0.5639061
"2008_000491_Daedalus_(0.3,512).png",0.29564565,0.051273227,8.978625,0.01509287,0.80996704,0.57129276,0.2971901,0.30660978,0.2051068,0.55814624
"2008_000532_Daedalus_(0.3,512).png",0.12465735,0.04543633,9.907061,0.010907329,0.78434396,0.55073726,0.29662532,0.30381605,0.2107106,0.4808872
"2008_000533_Daedalus_(0.3,512).png",0.3648983,0.15691143,8.434127,0.017493442,0.83254814,0.55248255,0.2888085,0.30413216,0.19737145,0.55724645
"2008_000536_Daedalus_(0.3,512).png",0.35104176,0.2168321,11.2699375,0.020435322,0.8813346,0.6533187,0.23449092,0.25288832,0.2867852,0.4804635
"2008_000552_Daedalus_(0.3,512).png",0.13327175,0.11148572,8.004437,0.011290607,0.7723262,0.49546415,0.30645508,0.31637034,0.19117032,0.55588895
"2008_000559_Daedalus_(0.3,512).png",0.19757482,0.037261307,9.222424,0.01027038,0.82635725,0.602925,0.278641,0.28837362,0.25730222,0.5723877
"2008_000703_Daedalus_(0.3,512).png",0.39444038,0.26195276,11.738397,0.01662184,0.80383265,0.569208,0.28776082,0.29336184,0.18087307,0.51666725
"2008_000793_Daedalus_(0.3,512).png",0.078510635,0.042347737,6.488387,0.007919685,0.78548366,0.5506131,0.3038058,0.31859466,0.20459999,0.552095
"2008_000796_Daedalus_(0.3,512).png",0.1857104,0.21504617,9.386206,0.010687524,0.81879574,0.5891292,0.28219548,0.29441068,0.21449514,0.5883724
"2008_000839_Daedalus_(0.3,512).png",0.09426533,0.13064933,8.465001,0.011477716,0.82238066,0.6123514,0.2523297,0.27014697,0.2632804,0.5123144
"2008_000857_Daedalus_(0.3,512).png",0.34517962,0.0,10.025816,0.020245451,0.8183212,0.5837266,0.31516272,0.32162747,0.22047332,0.4741996
"2008_000911_Daedalus_(0.3,512).png",0.38293618,0.22206551,7.310747,0.019195851,0.8035938,0.57278836,0.30540723,0.31840742,0.19289273,0.50250715
"2008_000924_Daedalus_(0.3,512).png",0.18656473,0.14440349,9.677056,0.014225932,0.79438734,0.5381425,0.30722827,0.31470022,0.19143438,0.57887197
"2008_000939_Daedalus_(0.3,512).png",0.13334021,0.08581048,10.25979,0.007401661,0.73859364,0.47389582,0.31741863,0.32098863,0.15140323,0.6504418
"2008_001020_Daedalus_(0.3,512).png",0.24765848,0.14718553,10.055582,0.016103256,0.80032307,0.55818695,0.28148007,0.2932444,0.1982545,0.53527844
"2008_001036_Daedalus_(0.3,512).png",0.37206972,0.18120214,9.229699,0.015935104,0.81340456,0.62839526,0.26833895,0.28304425,0.22144347,0.53838634
"2008_001054_Daedalus_(0.3,512).png",0.15088177,0.051197894,7.617463,0.013157726,0.7822827,0.5305949,0.31760386,0.32333767,0.1945794,0.5294306
"2008_001077_Daedalus_(0.3,512).png",0.26872995,0.17559573,11.2368355,0.012067733,0.79380465,0.5629563,0.30350503,0.3101991,0.2111659,0.5746742
"2008_001389_Daedalus_(0.3,512).png",0.3425625,0.10440941,9.116815,0.0060359943,0.76241684,0.5144286,0.33349344,0.34211355,0.16924983,0.6364438
"2008_001405_Daedalus_(0.3,512).png",0.08187726,0.0,6.2799363,0.013763477,0.73121107,0.45932046,0.33111194,0.33537695,0.1455826,0.5705286
"2008_001428_Daedalus_(0.3,512).png",0.35099506,0.12985222,8.760363,0.01820355,0.79383236,0.54533947,0.30902013,0.3137955,0.14972265,0.6302384
"2008_001429_Daedalus_(0.3,512).png",0.19491333,0.027355192,6.5887775,0.013756685,0.7846334,0.5059671,0.31702992,0.32510772,0.16477363,0.5551567
"2008_001430_Daedalus_(0.3,512).png",0.28452438,0.10853481,10.079518,0.023414725,0.8572566,0.65937287,0.23172513,0.24881573,0.26329905,0.51249564
"2008_001460_Daedalus_(0.3,512).png",0.13588333,0.1288731,8.46479,0.01197592,0.80052507,0.5182318,0.29006386,0.29980397,0.1919604,0.58831054
"2008_001479_Daedalus_(0.3,512).png",0.3225906,0.22998063,6.1298776,0.019728497,0.82671565,0.60591155,0.3128401,0.32146052,0.18872885,0.5674929
"2008_001503_Daedalus_(0.3,512).png",0.29500476,0.09099756,8.43748,0.015956705,0.8113126,0.5540437,0.30260056,0.31141686,0.21364665,0.56746435
"2008_001516_Daedalus_(0.3,512).png",0.21160609,0.0,6.6959386,0.014925766,0.80622303,0.58138037,0.2981444,0.30824935,0.2170075,0.5562691
"2008_001523_Daedalus_(0.3,512).png",0.3732496,0.2536669,9.555386,0.01055729,0.7985735,0.5772477,0.3021901,0.3186421,0.21652272,0.5563066
"2008_001622_Daedalus_(0.3,512).png",0.18189315,0.04086303,7.512626,0.010684681,0.79635817,0.52510375,0.2943987,0.3094632,0.17712341,0.56233525
"2008_001626_Daedalus_(0.3,512).png",0.15887098,0.084153906,8.547349,0.016647607,0.7813348,0.532535,0.29512626,0.30460426,0.16431592,0.5032638
"2008_001641_Daedalus_(0.3,512).png",0.17920494,0.12202841,6.5837293,0.011513959,0.79944474,0.5593772,0.31208083,0.31672508,0.19203433,0.6170239
"2008_001679_Daedalus_(0.3,512).png",0.11224462,0.1332411,7.708186,0.02333327,0.81381184,0.56224567,0.27287942,0.28865492,0.16712841,0.5227854
"2008_001691_Daedalus_(0.3,512).png",0.3731193,0.31195313,7.693104,0.015913641,0.7474245,0.5630508,0.31753018,0.3318048,0.17047524,0.49031407
"2008_001694_Daedalus_(0.3,512).png",0.25916314,0.17270601,7.216368,0.010240432,0.8166975,0.5671941,0.31326082,0.32139146,0.20860851,0.59607184
"2008_001702_Daedalus_(0.3,512).png",0.18533275,0.10958777,6.6393995,0.009215675,0.7844407,0.5153941,0.3263517,0.3403447,0.14823397,0.6302321
"2008_001717_Daedalus_(0.3,512).png",0.13409571,0.1647917,6.999133,0.0058039366,0.7944608,0.56385726,0.27334797,0.28415874,0.22794656,0.5524838
"2008_001723_Daedalus_(0.3,512).png",0.18191695,0.057468496,8.55777,0.012631802,0.7865537,0.56786746,0.3004756,0.31057063,0.19706044,0.54057765
"2008_001744_Daedalus_(0.3,512).png",0.18395993,0.16051243,6.772888,0.012162017,0.78679496,0.5546256,0.2983221,0.30782682,0.18284927,0.5609966
"2008_001746_Daedalus_(0.3,512).png",0.16919957,0.0,9.875597,0.014112595,0.79570895,0.5435353,0.30546352,0.3122238,0.21159562,0.55455637
"2008_001770_Daedalus_(0.3,512).png",0.106908165,0.1842123,6.2396345,0.018551001,0.8043747,0.5760742,0.2956137,0.30588186,0.19803825,0.5750913
"2008_001783_Daedalus_(0.3,512).png",0.2531739,0.15864898,10.1413765,0.009118905,0.7721822,0.5268152,0.3128285,0.31644693,0.21112764,0.54354954
"2008_001792_Daedalus_(0.3,512).png",0.34493053,0.19709484,9.172336,0.013870854,0.834505,0.59850246,0.28331447,0.29458505,0.2155153,0.56582767
"2008_001805_Daedalus_(0.3,512).png",0.3516328,0.19797048,10.014938,0.013588364,0.8207035,0.57288843,0.27554366,0.28557914,0.19189656,0.54202074
"2008_001806_Daedalus_(0.3,512).png",0.41000932,0.27982336,9.285399,0.01760543,0.83338404,0.61108065,0.27198815,0.28883284,0.21406372,0.5249367
"2008_001808_Daedalus_(0.3,512).png",0.20231998,0.13779807,9.955362,0.017495863,0.8066568,0.5624442,0.28688875,0.2966367,0.224235,0.5153254
"2008_001809_Daedalus_(0.3,512).png",0.33269954,0.21963936,10.547857,0.011674439,0.81955224,0.55405426,0.32429293,0.3338716,0.18066876,0.5551537
"2008_001810_Daedalus_(0.3,512).png",0.10892223,0.020216031,8.876275,0.011558212,0.76761746,0.5124201,0.30468816,0.31076324,0.21596533,0.52823377
"2008_001813_Daedalus_(0.3,512).png",0.2735904,0.09685131,11.176249,0.0166532,0.82829785,0.56147087,0.281969,0.2933267,0.22698452,0.4871031
"2008_001815_Daedalus_(0.3,512).png",0.16864479,0.02810005,8.313163,0.010592466,0.7523076,0.47353965,0.3410233,0.3455817,0.17221612,0.5812349
"2008_001820_Daedalus_(0.3,512).png",0.21739529,0.0688059,7.502795,0.014557611,0.738555,0.47028053,0.334752,0.3418431,0.11400495,0.5524849
"2008_001821_Daedalus_(0.3,512).png",0.16521078,0.0,9.15676,0.0074210423,0.7482374,0.5120117,0.32429716,0.32688278,0.18713376,0.63140815
"2008_001829_Daedalus_(0.3,512).png",0.24466601,0.1940803,12.371946,0.013151751,0.8032799,0.582203,0.26447725,0.27225843,0.2706418,0.51183885
"2008_001832_Daedalus_(0.3,512).png",0.22835723,0.0,6.542773,0.014834744,0.8413572,0.5951633,0.28213513,0.2928744,0.22092961,0.5199919
"2008_001841_Daedalus_(0.3,512).png",0.12252346,0.0,6.902599,0.0081022605,0.77060115,0.51377434,0.30126742,0.3173108,0.16857293,0.5951588
"2008_001850_Daedalus_(0.3,512).png",0.24082717,0.13522595,7.654509,0.014585705,0.75601536,0.54057294,0.32375702,0.3307932,0.14385498,0.62983805
"2008_001856_Daedalus_(0.3,512).png",0.2780668,0.10043528,7.6277866,0.013229111,0.80606747,0.539229,0.32426035,0.33234605,0.17935677,0.6264575
"2008_001865_Daedalus_(0.3,512).png",0.2220984,0.099186,9.3493,0.017123856,0.7674346,0.5113032,0.32041925,0.3265176,0.15246202,0.53467196
"2008_001866_Daedalus_(0.3,512).png",0.2602367,0.21301448,9.761886,0.012792296,0.82386357,0.5639784,0.29230326,0.303731,0.2187101,0.56584245
"2008_001867_Daedalus_(0.3,512).png",0.07366386,0.038307667,9.324531,0.008055867,0.7642064,0.5566221,0.29019517,0.29789847,0.23181538,0.5696656
"2008_001880_Daedalus_(0.3,512).png",0.2610502,0.12776959,10.104652,0.008231343,0.78267384,0.5377111,0.32143444,0.33137175,0.16723342,0.6253638
"2008_001896_Daedalus_(0.3,512).png",0.2746093,0.0,9.54337,0.012051314,0.8083435,0.5716931,0.3056614,0.31457782,0.20488855,0.56998885
"2008_001919_Daedalus_(0.3,512).png",0.28075767,0.071676105,7.30208,0.015536981,0.8154501,0.5915253,0.27977338,0.29063568,0.23807083,0.51025563
"2008_001921_Daedalus_(0.3,512).png",0.24353206,0.29517817,6.781981,0.015006225,0.8478131,0.65541434,0.24296464,0.26064888,0.21581846,0.48677647
"2008_002117_Daedalus_(0.3,512).png",0.24051917,0.13615066,9.033257,0.019799462,0.8244173,0.5720963,0.29374933,0.30476925,0.19312526,0.51457393
"2008_002140_Daedalus_(0.3,512).png",0.1589824,0.029636381,7.2904243,0.013556345,0.79031765,0.5070658,0.30983245,0.3193094,0.16435115,0.5629479
"2008_002389_Daedalus_(0.3,512).png",0.23866479,0.15775135,8.09914,0.014204253,0.8111531,0.57148194,0.27153334,0.28374168,0.2158037,0.5807102
"2008_002467_Daedalus_(0.3,512).png",0.3987747,0.22146332,11.759783,0.009860711,0.7976533,0.58956814,0.30097395,0.3128496,0.19667374,0.55946887
"2008_003652_Daedalus_(0.3,512).png",0.96291256,0.9902557,38.045383,0.7829949,0.99735576,0.9934794,0.01681186,0.017376436,0.95850897,0.20173672
"2008_004296_Daedalus_(0.3,512).png",0.36480555,0.16834074,8.540619,0.01708771,0.7929747,0.6199651,0.2583926,0.27576298,0.20550108,0.48370823
"2008_004570_Daedalus_(0.3,512).png",0.22003445,0.10936709,9.434713,0.011308114,0.7784,0.5274726,0.30239233,0.30975655,0.20476815,0.5992787
"2008_004725_Daedalus_(0.3,512).png",0.10804828,0.044708878,6.6273,0.007847425,0.7727947,0.4840757,0.3181856,0.32677534,0.16669878,0.60047626
"2008_005853_Daedalus_(0.3,512).png",0.1679762,0.0,10.20584,0.004984924,0.71126324,0.40635374,0.32856795,0.33039868,0.12947606,0.6988035
"2008_005914_Daedalus_(0.3,512).png",0.9628719,0.99138737,38.051537,0.7909077,0.9974856,0.99336886,0.013252058,0.014949998,0.9626809,0.19360219
"2008_006082_Daedalus_(0.3,512).png",0.94982994,0.98777866,39.608524,0.71178144,0.9976269,0.9908728,0.014662577,0.016206011,0.9630106,0.2025036
"2008_006207_Daedalus_(0.3,512).png",0.2351717,0.0,6.9059014,0.011914936,0.84137005,0.6094295,0.27219006,0.2889992,0.21850072,0.5670746
"2008_006562_Daedalus_(0.3,512).png",0.18887864,0.14469394,6.5211496,0.017672427,0.7779861,0.5240143,0.3185005,0.3280205,0.17119534,0.48672697
"2008_006641_Daedalus_(0.3,512).png",0.32040316,0.19317824,9.7288,0.014652808,0.8169527,0.5448804,0.30820066,0.32201952,0.19838037,0.49985123
"2008_006751_Daedalus_(0.3,512).png",0.14269432,0.11460774,6.980239,0.012510918,0.7790258,0.51146954,0.309524,0.31802967,0.18720634,0.5288162
"2008_006764_Daedalus_(0.3,512).png",0.32801735,0.1296311,11.471229,0.021452434,0.83560437,0.63788354,0.24144128,0.2557489,0.26314992,0.5162681
"2008_006950_Daedalus_(0.3,512).png",0.9322916,0.9800956,36.211906,0.6941851,0.9963077,0.9879863,0.021488717,0.022149283,0.95221376,0.22431186
"2008_006998_Daedalus_(0.3,512).png",0.16501084,0.0,7.632079,0.01326739,0.7883648,0.5590046,0.30180538,0.30873334,0.18987711,0.598042
"2008_007042_Daedalus_(0.3,512).png",0.91474223,0.9769587,37.76767,0.6648398,0.9962319,0.987951,0.029054029,0.029868286,0.95066816,0.24153632
"2008_007653_Daedalus_(0.3,512).png",0.21047443,0.22562373,7.252407,0.008900537,0.77250427,0.52741677,0.30364382,0.31294137,0.16152303,0.6565374
"2008_007823_Daedalus_(0.3,512).png",0.31508365,0.21639776,10.791292,0.0139185265,0.80093783,0.5457397,0.30956098,0.32227787,0.16993582,0.55585474
"2008_007893_Daedalus_(0.3,512).png",0.313356,0.05473157,9.605299,0.008473421,0.79226214,0.559204,0.30838612,0.31841335,0.14854534,0.61134124
"2008_007909_Daedalus_(0.3,512).png",0.28775886,0.17342421,10.35059,0.025905667,0.85762626,0.6312038,0.2477096,0.26128468,0.2825393,0.45837462
"2008_007973_Daedalus_(0.3,512).png",0.3193862,0.0,6.820613,0.0083557945,0.80603325,0.5836524,0.30481002,0.31365073,0.20220184,0.59302694
"2008_008044_Daedalus_(0.3,512).png",0.25125873,0.12993181,12.150139,0.0069253705,0.7705204,0.49659562,0.3173489,0.32339934,0.1813009,0.63767093
"2008_008120_Daedalus_(0.3,512).png",0.36472508,0.22541359,8.449229,0.023050768,0.8191864,0.575215,0.32748562,0.33456987,0.1944687,0.57504666
"2008_008479_Daedalus_(0.3,512).png",0.13118547,0.09925406,9.590816,0.010420437,0.763091,0.49124163,0.30993554,0.31138888,0.1950492,0.6559707
"2008_008570_Daedalus_(0.3,512).png",0.19904372,0.0,7.343052,0.008113496,0.7542996,0.51092446,0.33545282,0.34211037,0.1541292,0.67154723
"2008_008689_Daedalus_(0.3,512).png",0.30429435,0.10500538,8.802746,0.012184116,0.81201077,0.556978,0.2958197,0.31045315,0.21143565,0.52528065
"2009_000526_Daedalus_(0.3,512).png",0.20496547,0.093800545,8.392,0.015036443,0.80069095,0.52858055,0.3063723,0.31307572,0.21907248,0.504197
"2009_001085_Daedalus_(0.3,512).png",0.31775352,0.1279883,10.866264,0.010700304,0.7805845,0.5613199,0.3033765,0.31487054,0.18324336,0.58023995
"2009_001975_Daedalus_(0.3,512).png",0.9259467,0.978919,37.81047,0.70788974,0.9962995,0.9877927,0.02666051,0.027390389,0.95260024,0.23834875
"2009_003039_Daedalus_(0.3,512).png",0.26551163,0.20796822,9.746755,0.009170039,0.78004664,0.5360329,0.3092218,0.3194443,0.20898442,0.55580825
"2009_003074_Daedalus_(0.3,512).png",0.21685812,0.13985804,8.441323,0.015251094,0.81851757,0.5521213,0.27987546,0.29093644,0.1831038,0.59868735
"2009_003284_Daedalus_(0.3,512).png",0.15187599,0.02595078,9.244123,0.008349329,0.7637987,0.53252476,0.3153831,0.31993464,0.18303335,0.63683945
"2009_003288_Daedalus_(0.3,512).png",0.22772452,0.102260664,9.3916235,0.008111666,0.76177967,0.52078265,0.32168412,0.3222234,0.20013876,0.61803985
"2009_003345_Daedalus_(0.3,512).png",0.1863296,0.05418028,7.8798037,0.014150563,0.70680004,0.3865881,0.34821337,0.34158084,0.11536725,0.7185896
"2009_003815_Daedalus_(0.3,512).png",0.8991911,0.97402894,29.481693,0.5634604,0.99096847,0.9762103,0.04210696,0.04505781,0.88049877,0.2641788
"2009_003867_Daedalus_(0.3,512).png",0.29971942,0.20212154,9.262353,0.019772628,0.82302535,0.5643124,0.3016239,0.31096473,0.1822972,0.53605866
"2009_003929_Daedalus_(0.3,512).png",0.21189335,0.023017768,10.893546,0.017607337,0.76556414,0.505968,0.32047084,0.32712695,0.18014175,0.43544275
"2009_003995_Daedalus_(0.3,512).png",0.24232942,0.15371373,10.195408,0.010776226,0.8018367,0.53978324,0.28152645,0.29419738,0.20120254,0.5960384
"2009_004038_Daedalus_(0.3,512).png",0.29818434,0.11102004,9.705008,0.011156365,0.8235728,0.5799211,0.28207383,0.29071608,0.1750305,0.58447427
"2009_004263_Daedalus_(0.3,512).png",0.41896686,0.29719937,8.88307,0.009615646,0.83176,0.61906594,0.27738598,0.29351333,0.21575807,0.55215436
"2009_004274_Daedalus_(0.3,512).png",0.23972955,0.10452634,9.924187,0.0100587,0.7413346,0.47209567,0.33697444,0.34271893,0.18516016,0.6102345
"2009_004319_Daedalus_(0.3,512).png",0.41064626,0.32876837,6.8482723,0.01103803,0.80279684,0.5560238,0.3018138,0.3113586,0.15175162,0.58671576
"2009_004709_Daedalus_(0.3,512).png",0.88797927,0.95945036,37.1165,0.51492697,0.99488384,0.9394976,0.045929536,0.04386556,0.92136604,0.28507727
"2009_004737_Daedalus_(0.3,512).png",0.2830153,0.21265107,11.445838,0.0064039896,0.78170335,0.5617554,0.29550424,0.30885503,0.23932241,0.6016336
"2009_004979_Daedalus_(0.3,512).png",0.13288435,0.07502435,7.9878645,0.013033203,0.7830014,0.5392982,0.31205642,0.31779438,0.20259412,0.55085415
"2009_005008_Daedalus_(0.3,512).png",0.19677965,0.11153458,9.826688,0.009443684,0.8260454,0.5665557,0.29010877,0.3026071,0.23202588,0.5405803
"2009_005170_Daedalus_(0.3,512).png",0.12842165,0.0,8.795849,0.008050223,0.7745981,0.51330197,0.30078194,0.30775154,0.20263101,0.63566434
"2010_000132_Daedalus_(0.3,512).png",0.21341947,0.19154362,8.22765,0.0100716725,0.8042145,0.5521339,0.30241853,0.3146486,0.19485109,0.5977401
"2010_000202_Daedalus_(0.3,512).png",0.1797316,0.12122365,8.942571,0.02694011,0.77764636,0.45867005,0.32000822,0.3216688,0.16999298,0.4187543
"2010_000399_Daedalus_(0.3,512).png",0.23544058,0.16511403,10.146728,0.018975463,0.78150076,0.5301004,0.3198235,0.32267645,0.23276538,0.4938402
"2010_000567_Daedalus_(0.3,512).png",0.36086115,0.19422047,8.677147,0.011464924,0.840051,0.5997952,0.28835532,0.29896,0.2122417,0.5931247
"2010_000712_Daedalus_(0.3,512).png",0.25278753,0.1444088,6.6833253,0.020079352,0.83358496,0.6179011,0.28009105,0.29308575,0.23034586,0.52686816
"2010_000971_Daedalus_(0.3,512).png",0.21333742,0.15518475,8.355763,0.011875053,0.8050126,0.51117367,0.30657908,0.31398055,0.15900925,0.6123773
"2010_001134_Daedalus_(0.3,512).png",0.10480153,0.07981065,9.426485,0.009693361,0.7719082,0.5224387,0.3004065,0.30756146,0.21032472,0.5296736
"2010_001273_Daedalus_(0.3,512).png",0.19784918,0.1436229,12.347832,0.012160261,0.8574763,0.65993756,0.22341847,0.23904626,0.34313378,0.45442674
"2010_001356_Daedalus_(0.3,512).png",0.29011923,0.22717689,7.6124315,0.015282627,0.86829734,0.6741544,0.22933038,0.24653192,0.33126152,0.45210072
"2010_001486_Daedalus_(0.3,512).png",0.22065865,0.10604608,8.111442,0.009510947,0.78299356,0.5250691,0.3028803,0.31459475,0.15111051,0.6426659
"2010_001514_Daedalus_(0.3,512).png",0.18294594,0.069597244,9.319955,0.012294422,0.7639765,0.5324966,0.306733,0.31387368,0.18654013,0.5670007
"2010_001574_Daedalus_(0.3,512).png",0.32261968,0.19542933,10.762913,0.011641068,0.8077673,0.56886375,0.2996764,0.3097503,0.19634871,0.6159578
"2010_001675_Daedalus_(0.3,512).png",0.16037667,0.19242369,11.155338,0.006173237,0.793204,0.6215019,0.2363613,0.24892257,0.28760183,0.55586755
"2010_001717_Daedalus_(0.3,512).png",0.10335996,0.13168404,6.392809,0.013295457,0.7547865,0.49600217,0.31513482,0.32099098,0.17639539,0.5115644
"2010_001731_Daedalus_(0.3,512).png",0.3490528,0.18358144,5.7070503,0.00313729,0.73990333,0.48541516,0.35113293,0.3547401,0.11583857,0.6754958
"2010_001885_Daedalus_(0.3,512).png",0.19720285,0.15913463,8.300388,0.015038418,0.85348296,0.63518614,0.25673026,0.27117258,0.26759788,0.5260569
"2010_001973_Daedalus_(0.3,512).png",0.36308286,0.0,9.141936,0.009598531,0.78113794,0.55205613,0.32569742,0.3349448,0.19905081,0.5903132
"2010_002218_Daedalus_(0.3,512).png",0.17097251,0.065680966,7.298026,0.010751567,0.76296985,0.47570416,0.33666196,0.34103516,0.16022876,0.59932274
"2010_002379_Daedalus_(0.3,512).png",0.23215026,0.20266831,10.353493,0.02143342,0.8177094,0.5631644,0.29380146,0.30440617,0.17537783,0.4983644
"2010_002388_Daedalus_(0.3,512).png",0.41831112,0.13273764,11.41467,0.008949069,0.79565984,0.55302495,0.2810823,0.29038423,0.19546092,0.5955391
"2010_002392_Daedalus_(0.3,512).png",0.2143543,0.15987849,7.43235,0.016868867,0.820049,0.6036283,0.2635201,0.27968085,0.22499046,0.56099194
"2010_002614_Daedalus_(0.3,512).png",0.20003192,0.049113892,9.979755,0.008187604,0.8017137,0.5457939,0.27991545,0.28527215,0.18497947,0.5843502
"2010_002704_Daedalus_(0.3,512).png",0.28908718,0.0,6.9696436,0.012451257,0.8496429,0.61208576,0.27605987,0.28939548,0.22570838,0.51987016
"2010_002729_Daedalus_(0.3,512).png",0.2709393,0.19353871,11.0094185,0.009657635,0.7894197,0.54549605,0.31017756,0.31758365,0.18564644,0.59772885
"2010_002740_Daedalus_(0.3,512).png",0.25654054,0.0,8.197861,0.005929651,0.8069369,0.5867328,0.2851358,0.29582867,0.18169749,0.6058691
"2010_002801_Daedalus_(0.3,512).png",0.13736613,0.116405115,9.352842,0.014175452,0.7763103,0.52497154,0.31093344,0.3155806,0.19118875,0.5011179
"2010_002830_Daedalus_(0.3,512).png",0.16559693,0.1352222,7.698537,0.006311158,0.7796163,0.52412033,0.33139613,0.33323252,0.19755071,0.62030315
"2010_002842_Daedalus_(0.3,512).png",0.08710804,0.022761032,7.249605,0.0067482893,0.76288617,0.48919493,0.31681177,0.3190801,0.19867194,0.6270074
"2010_002965_Daedalus_(0.3,512).png",0.3254946,0.2736201,10.7841015,0.018816447,0.86123186,0.65025234,0.24572258,0.26314986,0.29964316,0.49190933
"2010_003047_Daedalus_(0.3,512).png",0.23471609,0.19594952,7.6749134,0.017885339,0.8443488,0.60233355,0.2908023,0.30707857,0.23092051,0.48322335
"2010_003050_Daedalus_(0.3,512).png",0.25992554,0.24752069,10.635746,0.014376687,0.884741,0.67779154,0.21072853,0.22946058,0.3471908,0.46550024
"2010_003101_Daedalus_(0.3,512).png",0.19450729,0.0465548,7.7486973,0.024117816,0.70577544,0.4260591,0.34557292,0.34181023,0.12596478,0.46044368
"2010_003329_Daedalus_(0.3,512).png",0.39000064,0.106343314,9.757386,0.01282767,0.8160524,0.60376877,0.2815787,0.2956561,0.19871245,0.56305754
"2010_003380_Daedalus_(0.3,512).png",0.28779656,0.16731238,9.158569,0.00872465,0.79853565,0.5739639,0.28657904,0.29578814,0.17841886,0.5669887
"2010_003418_Daedalus_(0.3,512).png",0.4227892,0.29331836,9.285555,0.020223955,0.84965104,0.64151925,0.2713314,0.28384763,0.22524467,0.5615883
"2010_003531_Daedalus_(0.3,512).png",0.33106023,0.13337697,13.107143,0.013377531,0.82113755,0.57729685,0.28188533,0.29289222,0.23087439,0.49577284
"2010_003539_Daedalus_(0.3,512).png",0.20121714,0.0,7.4921,0.013834285,0.81114006,0.58038956,0.2645856,0.27663383,0.20382375,0.5618002
"2010_003554_Daedalus_(0.3,512).png",0.27169836,0.0,8.764397,0.009353589,0.79845965,0.55303395,0.3050398,0.31386113,0.21854642,0.6197153
"2010_003582_Daedalus_(0.3,512).png",0.30259356,0.19296348,11.2701025,0.009251507,0.7971467,0.6056562,0.26270777,0.27521506,0.24618483,0.56048656
"2010_003651_Daedalus_(0.3,512).png",0.12321117,0.0854162,9.947437,0.0077906926,0.800279,0.5525569,0.2970626,0.30550864,0.22722341,0.5605546
"2010_003746_Daedalus_(0.3,512).png",0.2908932,0.10755458,10.433364,0.017319087,0.83004785,0.6045507,0.24593414,0.26053622,0.22608607,0.49547982
"2010_003752_Daedalus_(0.3,512).png",0.31098354,0.17180464,9.978477,0.022699183,0.8441288,0.6377594,0.2574301,0.2707793,0.2527244,0.5419271
"2010_003755_Daedalus_(0.3,512).png",0.1408432,0.0,7.2192745,0.008972396,0.789233,0.5235095,0.31460464,0.32169628,0.18321656,0.6117351
"2010_003818_Daedalus_(0.3,512).png",0.30716082,0.07033672,11.2619915,0.010733819,0.8050828,0.56344783,0.29176003,0.29936126,0.18296777,0.5913228
"2010_003943_Daedalus_(0.3,512).png",0.21949056,0.14848739,9.512738,0.011128154,0.78739107,0.54484695,0.2974101,0.30851543,0.20456293,0.5358635
"2010_003961_Daedalus_(0.3,512).png",0.17646381,0.0,7.8611417,0.011518086,0.80585796,0.57455355,0.290134,0.29979804,0.18156798,0.60208386
"2010_004010_Daedalus_(0.3,512).png",0.22003245,0.0355513,9.206664,0.004576201,0.7292105,0.44944644,0.36071905,0.35982558,0.153814,0.6987446
"2010_004023_Daedalus_(0.3,512).png",0.21799874,0.07277255,5.8791847,0.015427196,0.82721335,0.5830787,0.2723042,0.28622213,0.24014923,0.5417858
"2010_004062_Daedalus_(0.3,512).png",0.31778094,0.14834931,10.296076,0.018259117,0.79841363,0.5709519,0.3171455,0.3238537,0.20333055,0.53271323
"2010_004107_Daedalus_(0.3,512).png",0.31170678,0.22401278,9.101688,0.013300273,0.8388911,0.62254786,0.26234302,0.2763099,0.24981406,0.51276404
"2010_004145_Daedalus_(0.3,512).png",0.37209928,0.18090534,10.577196,0.00946017,0.83514917,0.6320255,0.25037974,0.2690559,0.24722652,0.5260018
"2010_004223_Daedalus_(0.3,512).png",0.29287517,0.18767795,7.738886,0.0046409294,0.7662466,0.51714736,0.33997774,0.34395534,0.17843376,0.65036327
"2010_004283_Daedalus_(0.3,512).png",0.113753244,0.17724398,6.3298345,0.007639806,0.7957482,0.5312877,0.28677732,0.29323497,0.1867758,0.60809696
"2010_004676_Daedalus_(0.3,512).png",0.32750332,0.22074741,8.804739,0.020636814,0.83311105,0.61399263,0.27185917,0.28550032,0.2493232,0.4895322
"2010_004681_Daedalus_(0.3,512).png",0.41615164,0.16322395,9.263226,0.017387511,0.8315867,0.6342872,0.25279891,0.27166703,0.19328219,0.44380295
"2010_004757_Daedalus_(0.3,512).png",0.9392766,0.9844782,37.469048,0.70593125,0.9970033,0.9896232,0.019500386,0.020404369,0.9558765,0.21781623
"2010_005055_Daedalus_(0.3,512).png",0.2735564,0.23316148,11.618909,0.00849955,0.8128468,0.54792804,0.32198578,0.32853442,0.2007066,0.5955981
"2010_005082_Daedalus_(0.3,512).png",0.23002055,0.0,8.531541,0.010962124,0.81364256,0.55209965,0.28835854,0.30032673,0.1773427,0.59165734
"2010_005483_Daedalus_(0.3,512).png",0.20549552,0.15662274,8.953803,0.009133151,0.750937,0.49898627,0.3347923,0.33883196,0.14562538,0.6209001
"2010_005592_Daedalus_(0.3,512).png",0.28553757,0.037543803,8.954053,0.014771007,0.77648664,0.58832836,0.2840563,0.29735938,0.2167647,0.49469662
"2010_005762_Daedalus_(0.3,512).png",0.21006438,0.13703339,8.61725,0.022963738,0.77442455,0.52331835,0.2954212,0.30215716,0.20091246,0.4856073
"2010_005932_Daedalus_(0.3,512).png",0.18894193,0.04343301,10.100226,0.010643983,0.82654583,0.5690027,0.26480603,0.28544772,0.21016859,0.53875536
"2010_005973_Daedalus_(0.3,512).png",0.25039428,0.10032429,9.330976,0.0143464245,0.8259204,0.6103717,0.25550747,0.27479956,0.25012216,0.51492864
"2010_005992_Daedalus_(0.3,512).png",0.41643423,0.058256723,8.802345,0.034120798,0.8096456,0.6040155,0.2814977,0.29349446,0.21065946,0.5225137
"2010_006320_Daedalus_(0.3,512).png",0.30287677,0.13967636,10.28357,0.017401634,0.8128027,0.5905078,0.27547336,0.28912657,0.19785814,0.54257554
"2010_006568_Daedalus_(0.3,512).png",0.32821807,0.24161795,11.81519,0.011329842,0.81250995,0.5655649,0.2993828,0.31063372,0.19515045,0.5251568
"2011_000066_Daedalus_(0.3,512).png",0.28567648,0.12598011,8.822841,0.01841781,0.8060755,0.5564542,0.30087355,0.3091499,0.1951032,0.57056236
"2011_000145_Daedalus_(0.3,512).png",0.5413237,0.39434966,14.006727,0.012800297,0.84523666,0.6009782,0.26461187,0.27325344,0.2337996,0.5375824
"2011_000249_Daedalus_(0.3,512).png",0.95950747,0.9896616,36.000046,0.75578123,0.997177,0.9922116,0.017247077,0.019029062,0.9510049,0.20911092
"2011_000299_Daedalus_(0.3,512).png",0.23602912,0.16220547,6.578281,0.013803408,0.7503665,0.5329723,0.27707738,0.28838164,0.17495582,0.4849161
"2011_000468_Daedalus_(0.3,512).png",0.13893944,0.012838247,7.196376,0.01259004,0.7746733,0.53809625,0.30782786,0.31698853,0.21739018,0.5230795
"2011_000482_Daedalus_(0.3,512).png",0.119787574,0.12324458,8.095608,0.009217425,0.7934889,0.52781796,0.30609602,0.31485552,0.1855796,0.6144068
"2011_000514_Daedalus_(0.3,512).png",0.96808976,0.99116325,42.826584,0.7680795,0.9986404,0.993963,0.01128811,0.011782941,0.97939014,0.18748894
"2011_000531_Daedalus_(0.3,512).png",0.4510432,0.3015756,9.988255,0.0077576055,0.81148326,0.5837363,0.29384482,0.30829695,0.17831719,0.5565417
"2011_000565_Daedalus_(0.3,512).png",0.35765442,0.23461156,9.966549,0.009532726,0.8288052,0.56682485,0.28729826,0.29598734,0.23500574,0.6197147
"2011_000622_Daedalus_(0.3,512).png",0.30820155,0.1810122,10.201059,0.009035013,0.76183426,0.5350737,0.32282072,0.33189365,0.17148826,0.6048265
"2011_000656_Daedalus_(0.3,512).png",0.42857417,0.16255434,11.204438,0.009562201,0.8079855,0.54109174,0.2917119,0.3060834,0.20635092,0.57513756
"2011_000661_Daedalus_(0.3,512).png",0.09848668,0.0,7.611871,0.007989027,0.814223,0.5602207,0.27525616,0.29104078,0.21413429,0.5243618
"2011_000734_Daedalus_(0.3,512).png",0.3514956,0.061758824,13.750219,0.013934379,0.84434754,0.6373375,0.22191618,0.23824394,0.2741945,0.50831044
"2011_000774_Daedalus_(0.3,512).png",0.21029864,0.0,9.200046,0.011118558,0.8205752,0.60541177,0.27214065,0.28453323,0.22924013,0.53973097
"2011_000820_Daedalus_(0.3,512).png",0.19931066,0.15982954,6.737603,0.009229487,0.7945952,0.54705065,0.2920794,0.2993832,0.17806762,0.636414
"2011_000882_Daedalus_(0.3,512).png",0.21756403,0.0,10.570096,0.0090602925,0.78722984,0.5355905,0.2880606,0.29486924,0.19121158,0.60532045
"2011_000888_Daedalus_(0.3,512).png",0.26639026,0.2051521,11.937023,0.009383966,0.81681335,0.5561182,0.28571185,0.29686433,0.23018412,0.5136622
"2011_000901_Daedalus_(0.3,512).png",0.14634423,0.1381952,6.083427,0.016815031,0.7840976,0.542505,0.3004071,0.3073132,0.1817237,0.5732489
"2011_000919_Daedalus_(0.3,512).png",0.21417227,0.16695094,9.085168,0.014001889,0.78718686,0.52130884,0.31017834,0.31871036,0.18835542,0.565892
"2011_000983_Daedalus_(0.3,512).png",0.30391836,0.082068995,8.743033,0.013924423,0.83182967,0.5925514,0.29151875,0.30358902,0.20302293,0.56112117
"2011_001004_Daedalus_(0.3,512).png",0.23253623,0.19656949,6.932798,0.012125691,0.7923798,0.5140978,0.3361425,0.34205037,0.179482,0.6038538
"2011_001016_Daedalus_(0.3,512).png",0.10354708,0.0,6.479673,0.012173143,0.80859977,0.5348862,0.29604876,0.30855083,0.19276863,0.5617483
"2011_001034_Daedalus_(0.3,512).png",0.23099594,0.13892314,12.336906,0.015384574,0.80085325,0.57843,0.26331538,0.2773821,0.2384099,0.5073426
"2011_001106_Daedalus_(0.3,512).png",0.38029748,0.28294477,12.792731,0.010313334,0.8163859,0.5626312,0.31254083,0.32268238,0.17918354,0.5898297
"2011_001111_Daedalus_(0.3,512).png",0.30811477,0.0992658,8.982129,0.010711435,0.7913972,0.56635356,0.30684295,0.31748614,0.18354984,0.5805557
"2011_001138_Daedalus_(0.3,512).png",0.200423,0.14184055,10.260578,0.010546063,0.7728731,0.507957,0.3163689,0.32399288,0.16347526,0.5620775
"2011_001292_Daedalus_(0.3,512).png",0.31783006,0.1515085,8.344505,0.014668724,0.83687955,0.63016933,0.26679185,0.27889702,0.24993184,0.45747277
"2011_001360_Daedalus_(0.3,512).png",0.07319967,0.025273396,8.002465,0.008545003,0.7559347,0.5169205,0.29922116,0.30590954,0.19378646,0.49844128
"2011_001366_Daedalus_(0.3,512).png",0.38093668,0.20641357,12.199499,0.01645702,0.7818575,0.5770103,0.2993678,0.3101962,0.22731519,0.5365764
"2011_001399_Daedalus_(0.3,512).png",0.20125374,0.3132409,13.163966,0.011475108,0.8680535,0.5918158,0.268597,0.28370914,0.19060773,0.55089194
"2011_001464_Daedalus_(0.3,512).png",0.28555188,0.17489462,8.601388,0.012705562,0.80171967,0.52428067,0.31848776,0.32733515,0.17295074,0.6212433
"2011_001534_Daedalus_(0.3,512).png",0.27501392,0.12207542,8.524253,0.009476413,0.79525036,0.57967573,0.2767122,0.28740546,0.18010773,0.6076311
"2011_001558_Daedalus_(0.3,512).png",0.13197002,0.06722879,6.910071,0.014354929,0.77657837,0.5062038,0.31693906,0.32275933,0.1873988,0.617916
"2011_001586_Daedalus_(0.3,512).png",0.29431313,0.1294155,9.95819,0.0122221075,0.7862037,0.54906374,0.31022048,0.31941864,0.19026099,0.55215085
"2011_001600_Daedalus_(0.3,512).png",0.19349566,0.13340798,8.939365,0.010534618,0.7845904,0.5123919,0.32041565,0.32830402,0.14961419,0.6091031
"2011_001632_Daedalus_(0.3,512).png",0.13766883,0.05364661,7.074898,0.011715675,0.8067836,0.5670151,0.29216197,0.30169258,0.21483363,0.5304005
"2011_001645_Daedalus_(0.3,512).png",0.14459471,0.114095464,6.7588863,0.0058777397,0.78940463,0.51336765,0.33233914,0.33842546,0.15776776,0.6368936
"2011_001666_Daedalus_(0.3,512).png",0.29645345,0.2386975,8.330579,0.014498835,0.8195568,0.5811905,0.3066201,0.3214027,0.17474066,0.5521317
"2011_001668_Daedalus_(0.3,512).png",0.15807365,0.028192114,7.7029424,0.012893993,0.78759503,0.5259865,0.30210027,0.3084453,0.21489969,0.5134982
"2011_001689_Daedalus_(0.3,512).png",0.23055868,0.14136317,9.288657,0.013540351,0.7949532,0.5536393,0.29402217,0.3035997,0.21961395,0.5742286
"2011_001707_Daedalus_(0.3,512).png",0.26072484,0.17901646,12.042854,0.012379743,0.82771134,0.5693791,0.28658345,0.29782057,0.20289871,0.5775237
"2011_001713_Daedalus_(0.3,512).png",0.28804845,0.23489952,8.95598,0.013850559,0.7875637,0.5783574,0.3170939,0.3267248,0.16429369,0.6251357
"2011_001824_Daedalus_(0.3,512).png",0.30504054,0.0,7.746642,0.01266456,0.83363175,0.57817084,0.2978559,0.3080947,0.18101452,0.60003054
"2011_001854_Daedalus_(0.3,512).png",0.43062514,0.27190745,12.584009,0.015105916,0.84629816,0.6459546,0.2529026,0.26736486,0.24774294,0.5018365
"2011_001863_Daedalus_(0.3,512).png",0.17553067,0.119076,10.275198,0.005624349,0.80031806,0.5298826,0.31709805,0.3270116,0.21235831,0.589973
"2011_001866_Daedalus_(0.3,512).png",0.19407088,0.1420391,8.967579,0.008830277,0.8204202,0.5565098,0.29880592,0.31086951,0.22066891,0.5677681
"2011_001906_Daedalus_(0.3,512).png",0.18671416,0.08118928,9.144911,0.0112213455,0.80587447,0.55557966,0.2995388,0.30872127,0.21269427,0.5500398
"2011_001972_Daedalus_(0.3,512).png",0.27504292,0.17659798,9.987533,0.015540867,0.77964056,0.54208523,0.3121298,0.31883773,0.16324876,0.61838186
"2011_001986_Daedalus_(0.3,512).png",0.31249133,0.1825439,11.543508,0.019409144,0.81992817,0.61030555,0.2659743,0.27882245,0.24956219,0.54514474
"2011_002026_Daedalus_(0.3,512).png",0.23303042,0.0,5.634212,0.012767834,0.7810733,0.55609745,0.29904887,0.3110241,0.21368922,0.56754965
"2011_002073_Daedalus_(0.3,512).png",0.34637952,0.27072614,9.857423,0.0089957,0.84710455,0.6013273,0.25656682,0.26786822,0.2520464,0.56771654
"2011_002075_Daedalus_(0.3,512).png",0.24614684,0.045316525,8.639028,0.011460941,0.7950897,0.54760396,0.30200937,0.3115214,0.18238628,0.5529999
"2011_002100_Daedalus_(0.3,512).png",0.3822127,0.105599925,11.134534,0.01680202,0.7986786,0.5985032,0.26706165,0.2796822,0.22229922,0.5689195
"2011_002147_Daedalus_(0.3,512).png",0.317524,0.21090543,8.951251,0.009805355,0.7973297,0.5830225,0.30217987,0.31212252,0.19741477,0.56327647
"2011_002241_Daedalus_(0.3,512).png",0.30513567,0.17294014,10.185571,0.018153224,0.79481065,0.5357369,0.30234042,0.30938637,0.17142022,0.6000724
"2011_002252_Daedalus_(0.3,512).png",0.2962158,0.14540243,9.217234,0.015864339,0.78233266,0.5280885,0.3350301,0.33678243,0.16316916,0.5858086
"2011_002260_Daedalus_(0.3,512).png",0.2623096,0.18198398,9.222175,0.016018305,0.8046128,0.55536073,0.30309528,0.3117199,0.19429585,0.5536126
"2011_002265_Daedalus_(0.3,512).png",0.28023022,0.109717265,9.581216,0.023605838,0.8213349,0.63405573,0.2574453,0.27099508,0.24234906,0.5186533
"2011_002313_Daedalus_(0.3,512).png",0.24505179,0.16353236,7.6435275,0.011439111,0.79932725,0.53673977,0.31855348,0.33016545,0.19391254,0.5701088
"2011_002407_Daedalus_(0.3,512).png",0.3228808,0.22480063,8.470158,0.01551429,0.81405693,0.5842253,0.3010507,0.3110612,0.20011248,0.5874194
"2011_002457_Daedalus_(0.3,512).png",0.12692887,0.07895617,9.399077,0.010098123,0.76098424,0.49317083,0.30906397,0.31327853,0.17610098,0.61326706
"2011_002461_Daedalus_(0.3,512).png",0.4711153,0.35143518,9.998263,0.014605027,0.87412256,0.70122594,0.22795033,0.24760395,0.2825032,0.47919935
"2011_002514_Daedalus_(0.3,512).png",0.3026101,0.16449118,8.702079,0.011624279,0.8131981,0.55321217,0.32109648,0.33217937,0.1878853,0.5879539
"2011_002531_Daedalus_(0.3,512).png",0.26424348,0.13196678,7.720828,0.010656631,0.79462165,0.5577409,0.30326122,0.31325096,0.17924544,0.5642277
"2011_002560_Daedalus_(0.3,512).png",0.28955922,0.11799549,9.814854,0.017848728,0.80222815,0.57249004,0.3058101,0.31691763,0.21188045,0.5052545
"2011_002590_Daedalus_(0.3,512).png",0.17692858,0.14648136,8.262438,0.015458935,0.79397863,0.555084,0.31172478,0.3178943,0.18399218,0.52135813
"2011_002594_Daedalus_(0.3,512).png",0.26864964,0.05209435,7.8586855,0.015450207,0.7914023,0.5461088,0.31683505,0.3257766,0.16858874,0.56673485
"2011_002601_Daedalus_(0.3,512).png",0.1899068,0.0,6.022174,0.010082071,0.80878615,0.58748585,0.29201424,0.304008,0.19500142,0.59426206
"2011_002687_Daedalus_(0.3,512).png",0.13718995,0.11898448,8.326723,0.0083483,0.7823149,0.5341177,0.30689976,0.3130077,0.19338429,0.55791444
"2011_002697_Daedalus_(0.3,512).png",0.22842723,0.14612806,8.4540825,0.014385423,0.784752,0.51981735,0.30755684,0.31355983,0.19539188,0.6078046
"2011_002699_Daedalus_(0.3,512).png",0.3406734,0.03316489,9.362722,0.021211125,0.84787995,0.6409439,0.22256285,0.2425881,0.27948147,0.48442805
"2011_002717_Daedalus_(0.3,512).png",0.2487573,0.099326,10.0861225,0.012067564,0.80254596,0.5930212,0.27366045,0.28631395,0.24342106,0.54323286
"2011_002723_Daedalus_(0.3,512).png",0.19325075,0.15575673,8.625409,0.010931141,0.8047831,0.5540999,0.2998094,0.30807114,0.21558006,0.5999426
"2011_002750_Daedalus_(0.3,512).png",0.24880956,0.17019945,11.84882,0.013492905,0.7887363,0.53438175,0.31282946,0.3241607,0.20638002,0.52400684
"2011_002751_Daedalus_(0.3,512).png",0.3535633,0.1563808,8.034115,0.015847556,0.82209694,0.58884275,0.29610717,0.30980968,0.20433661,0.5364067
"2011_002752_Daedalus_(0.3,512).png",0.46312913,0.29675823,12.129964,0.008142749,0.7912018,0.5789709,0.30875227,0.31880984,0.18739288,0.5908896
"2011_002756_Daedalus_(0.3,512).png",0.3366531,0.21623425,10.503875,0.013706756,0.8195835,0.59433836,0.2987518,0.3078998,0.1972207,0.57333344
"2011_002808_Daedalus_(0.3,512).png",0.29229966,0.068635814,7.8863697,0.013838103,0.80055314,0.5659323,0.31667733,0.3243631,0.19932307,0.56131905
"2011_002810_Daedalus_(0.3,512).png",0.20296012,0.0,8.575437,0.010658564,0.7937638,0.5408359,0.30963224,0.31692228,0.20607568,0.5626108
"2011_002887_Daedalus_(0.3,512).png",0.30652162,0.22430055,10.473307,0.016771965,0.8298647,0.6204331,0.2702265,0.28149605,0.23967454,0.5730107
"2011_002913_Daedalus_(0.3,512).png",0.19913515,0.0,7.0223217,0.0127744265,0.7916204,0.5310458,0.30238688,0.3138065,0.20028096,0.49433115
"2011_002938_Daedalus_(0.3,512).png",0.2552442,0.10785335,9.135086,0.01329147,0.7854393,0.54129165,0.30077732,0.3124926,0.17700082,0.51331127
"2011_002942_Daedalus_(0.3,512).png",0.25750777,0.1113462,8.649516,0.013625105,0.7860186,0.5326812,0.3149617,0.31976426,0.1720699,0.62537223
"2011_002947_Daedalus_(0.3,512).png",0.3143491,0.055280115,8.79085,0.013437424,0.8151218,0.5971979,0.2851107,0.29622573,0.22544211,0.5647664
"2011_002985_Daedalus_(0.3,512).png",0.1856458,0.079739295,5.7717943,0.014987458,0.8057625,0.57306784,0.28958505,0.3012978,0.1936805,0.5587166
"2011_002992_Daedalus_(0.3,512).png",0.23553666,0.21001208,6.746097,0.0100118,0.79686105,0.5169009,0.31459442,0.32424837,0.17659146,0.6267479
"2011_002996_Daedalus_(0.3,512).png",0.3460247,0.104221225,7.379215,0.027322432,0.8176369,0.5581553,0.3353858,0.34591824,0.16184922,0.52306515
"2011_003002_Daedalus_(0.3,512).png",0.36383387,0.22340807,11.672797,0.016438102,0.85016125,0.6201714,0.27937916,0.29227918,0.23306195,0.49996993
"2011_003011_Daedalus_(0.3,512).png",0.29538697,0.1862224,11.151709,0.011347458,0.83342385,0.59867543,0.2738533,0.28396145,0.22709273,0.56554115
"2011_003030_Daedalus_(0.3,512).png",0.24343494,0.17805108,8.927752,0.009076514,0.7940869,0.5284409,0.30753976,0.317094,0.16341805,0.60307974
"2011_003034_Daedalus_(0.3,512).png",0.08053585,0.09493025,4.900048,0.0078057013,0.71121854,0.45320117,0.33481553,0.33713502,0.14755265,0.6612124
"2011_003039_Daedalus_(0.3,512).png",0.26965028,0.13391533,9.362471,0.011822083,0.7710407,0.51285726,0.3352731,0.33499062,0.15781938,0.6593601
"2011_003074_Daedalus_(0.3,512).png",0.10909011,0.0,6.971547,0.010939936,0.77810866,0.49811742,0.331558,0.33799195,0.16459486,0.6213509
"2011_003079_Daedalus_(0.3,512).png",0.3403446,0.28694212,9.407251,0.008324414,0.81876004,0.58480006,0.3058533,0.31511328,0.16487636,0.6043431
"2011_003111_Daedalus_(0.3,512).png",0.21359056,0.14916173,11.032566,0.0042804377,0.69962937,0.3987049,0.32886752,0.32854348,0.13468921,0.71940696
"2011_003121_Daedalus_(0.3,512).png",0.37480098,0.2312094,11.1459675,0.016622586,0.8145803,0.58204967,0.29767263,0.31039965,0.18685935,0.48976722
"2011_003169_Daedalus_(0.3,512).png",0.21870214,0.10317713,7.5219035,0.011005502,0.7726121,0.52729756,0.3135705,0.32018217,0.21986441,0.49302608
"2011_003176_Daedalus_(0.3,512).png",0.3251904,0.21078,9.623624,0.0077408357,0.76154155,0.5346182,0.27936572,0.29658297,0.11376691,0.5765175
"2011_003183_Daedalus_(0.3,512).png",0.41362923,0.09026145,9.189244,0.025842836,0.8354153,0.6357625,0.2967038,0.30622855,0.23412965,0.5162958
"2011_003194_Daedalus_(0.3,512).png",0.3556813,0.222009,9.183074,0.015572906,0.8107724,0.5528554,0.32954875,0.3393871,0.1747636,0.5389394
"2011_003197_Daedalus_(0.3,512).png",0.09909286,0.0,7.4472694,0.007979497,0.7449193,0.46819177,0.3198333,0.32487914,0.1563024,0.5804274
"2011_003201_Daedalus_(0.3,512).png",0.27159914,0.15792233,10.160299,0.0143686645,0.8302061,0.59311265,0.28106523,0.2899083,0.23633645,0.53441745
"2011_003205_Daedalus_(0.3,512).png",0.1518031,0.040473226,7.289818,0.009232959,0.8079918,0.5637421,0.29110256,0.30315024,0.20316593,0.5413005
"2011_003207_Daedalus_(0.3,512).png",0.14141026,0.0,7.0000463,0.012597771,0.8354352,0.5919814,0.2654372,0.28343233,0.23053265,0.49445248
"2011_003253_Daedalus_(0.3,512).png",0.33427662,0.22799885,10.994039,0.014438581,0.8482838,0.6121856,0.26497567,0.283224,0.23287438,0.491911
"2011_003254_Daedalus_(0.3,512).png",0.27637815,0.15558445,9.423225,0.01396586,0.8201017,0.5536794,0.29068854,0.30051768,0.20669156,0.53335726
"2011_003271_Daedalus_(0.3,512).png",0.18410365,0.14028457,7.2077866,0.0085998215,0.78178126,0.532338,0.31611338,0.32169685,0.18730229,0.57932025
"2011_003275_Daedalus_(0.3,512).png",0.18535706,0.0,5.4364805,0.0017783834,0.72176045,0.4148318,0.35676348,0.35638976,0.13856874,0.7256412
"2011_004147_Daedalus_(0.3,512).png",0.19990008,0.0856997,8.155781,0.013907697,0.776086,0.5400461,0.30768147,0.31379902,0.18024419,0.5774817
"2011_004969_Daedalus_(0.3,512).png",0.23549478,0.20358524,8.366692,0.016604317,0.8229973,0.5846381,0.28948066,0.3029662,0.20831987,0.56083846
"2011_006099_Daedalus_(0.3,512).png",0.17982402,0.102980934,9.076359,0.012127256,0.7875027,0.54206836,0.29516742,0.302957,0.18131812,0.5344381
"2011_006650_Daedalus_(0.3,512).png",0.18486886,0.0,6.376386,0.004061222,0.7451308,0.47099912,0.35157335,0.35319164,0.124498345,0.711763
"2011_006936_Daedalus_(0.3,512).png",0.20142105,0.12655202,10.704716,0.014750127,0.7625646,0.52419263,0.3135842,0.32051945,0.21160708,0.44008735
"2011_007061_Daedalus_(0.3,512).png",0.10347041,0.0,4.947694,0.0118409,0.788748,0.52636963,0.3245344,0.33250052,0.16923168,0.5076296
"2011_007124_Daedalus_(0.3,512).png",0.09495484,0.049034994,4.982465,0.017579943,0.6595111,0.37994418,0.34996206,0.34315744,0.12305929,0.5246808
"2012_000291_Daedalus_(0.3,512).png",0.2480902,0.16934916,8.9265785,0.0154484715,0.7980081,0.5501702,0.32282695,0.3297217,0.18405165,0.57476735
"2012_000553_Daedalus_(0.3,512).png",0.12719516,0.017957501,7.86011,0.009848237,0.7444381,0.4986776,0.31762058,0.32177052,0.18578234,0.6074735
"2012_000892_Daedalus_(0.3,512).png",0.22083656,0.022466693,6.878195,0.014707498,0.8474036,0.5955496,0.27448216,0.28952375,0.21395461,0.5296524
"2012_001124_Daedalus_(0.3,512).png",0.26890865,0.0,7.6604624,0.020601911,0.8383528,0.61609536,0.27406153,0.2853233,0.2495175,0.49971184
"2012_001398_Daedalus_(0.3,512).png",0.32097152,0.16257577,10.446705,0.018301353,0.8198447,0.5652541,0.3180615,0.32943448,0.20127948,0.47772506
"2012_001407_Daedalus_(0.3,512).png",0.17028522,0.0,9.283777,0.013495166,0.7670075,0.51724577,0.31556967,0.3236709,0.19372313,0.5186502
"2012_001408_Daedalus_(0.3,512).png",0.33442277,0.044232618,9.543422,0.005965326,0.78191113,0.56179065,0.32795012,0.33368188,0.18292858,0.65241474
"2012_001680_Daedalus_(0.3,512).png",0.3010447,0.2003157,9.668237,0.013772199,0.8083746,0.53989846,0.31045163,0.31784457,0.17774439,0.58231145
"2012_001771_Daedalus_(0.3,512).png",0.30636048,0.17404231,8.619993,0.022155397,0.79192066,0.4994814,0.336815,0.34544864,0.17280777,0.5589285
"2012_001825_Daedalus_(0.3,512).png",0.17461912,0.08465804,9.456381,0.0070917,0.7427435,0.49772137,0.32852262,0.3327501,0.16457638,0.660673
"2012_001882_Daedalus_(0.3,512).png",0.22860658,0.15337631,8.7514515,0.010537481,0.8004095,0.58033514,0.2934322,0.30315578,0.23075195,0.5187542
"2012_001967_Daedalus_(0.3,512).png",0.20613202,0.08094896,9.113117,0.011501089,0.8074095,0.5724462,0.3048213,0.31297296,0.21819593,0.5416316
"2012_002068_Daedalus_(0.3,512).png",0.21253023,0.0,10.509224,0.009120122,0.8097529,0.53623396,0.3021434,0.31461257,0.22054479,0.50112104
"2012_002112_Daedalus_(0.3,512).png",0.17133844,0.09277179,9.087826,0.011682277,0.7727993,0.56029385,0.29173887,0.3002321,0.21558791,0.54235005
"2012_002184_Daedalus_(0.3,512).png",0.17024349,0.045575194,8.458551,0.014338082,0.78450924,0.53676677,0.2956246,0.30457848,0.16892001,0.60711825
"2012_002471_Daedalus_(0.3,512).png",0.3222441,0.22851466,9.452042,0.014510121,0.8166901,0.58288795,0.29681742,0.31453854,0.18689014,0.47671306
"2012_002878_Daedalus_(0.3,512).png",0.2744057,0.18805602,7.412043,0.01173108,0.8059432,0.5931308,0.30548146,0.3174478,0.18479015,0.5885084
"2012_002911_Daedalus_(0.3,512).png",0.25699767,0.15544592,9.654663,0.016882107,0.78651786,0.53731054,0.31190044,0.32049355,0.1772943,0.55239266
"2012_003160_Daedalus_(0.3,512).png",0.25484756,0.118737325,8.308527,0.018248254,0.79892594,0.5454381,0.3242794,0.3333962,0.18962936,0.5021562
"2012_003173_Daedalus_(0.3,512).png",0.23195952,0.07790974,9.172027,0.01826019,0.8249653,0.58978826,0.28051272,0.28923744,0.22972648,0.53607196
"2012_003372_Daedalus_(0.3,512).png",0.10882509,0.07567462,8.571583,0.009429097,0.7639936,0.5183532,0.30001676,0.30882677,0.18984638,0.5674021
"2012_003386_Daedalus_(0.3,512).png",0.2532169,0.1470928,7.799288,0.013830729,0.81862575,0.57503724,0.28182712,0.29255652,0.22054666,0.57016337
"2012_003508_Daedalus_(0.3,512).png",0.2596349,0.23152232,9.904376,0.019646324,0.8493493,0.6081815,0.27739888,0.29012337,0.22347936,0.5269277
"2012_003628_Daedalus_(0.3,512).png",0.18597794,0.10267466,6.0349555,0.00945525,0.781005,0.51890415,0.33984512,0.3468554,0.16425946,0.63069224
"2012_003701_Daedalus_(0.3,512).png",0.20951438,0.03898044,8.214561,0.0108145345,0.8037174,0.5134272,0.30574363,0.31415462,0.19689232,0.6414348
"2012_003731_Daedalus_(0.3,512).png",0.2332362,0.19719148,7.8483114,0.010297723,0.77831197,0.53043336,0.3086624,0.3199536,0.17636682,0.5577902
"2012_003793_Daedalus_(0.3,512).png",0.121499956,0.079235956,9.519717,0.00835368,0.7447451,0.49223948,0.31077188,0.31557158,0.18797074,0.6102492
"2012_003969_Daedalus_(0.3,512).png",0.17541951,0.21930993,5.3312325,0.014612178,0.82340074,0.5780998,0.3009658,0.31360796,0.18694457,0.5695616
"2012_003983_Daedalus_(0.3,512).png",0.26698744,0.18488961,8.11227,0.015235325,0.78677016,0.5307613,0.33017996,0.3356777,0.15786865,0.6397083
"2012_004015_Daedalus_(0.3,512).png",0.17405647,0.09816766,10.2025795,0.007137791,0.7534721,0.47388318,0.3314974,0.33348382,0.16074684,0.67218876
"2012_004051_Daedalus_(0.3,512).png",0.10700458,0.08554103,5.8393216,0.0077417972,0.746204,0.46594492,0.3266647,0.33175123,0.19066708,0.63768417
"2012_004064_Daedalus_(0.3,512).png",0.2299931,0.18299536,11.705652,0.0086733205,0.79402626,0.55222833,0.29568997,0.30419457,0.22044985,0.57375836
"2012_004067_Daedalus_(0.3,512).png",0.2759934,0.0,9.949444,0.01448101,0.8131397,0.5963761,0.28372788,0.29417905,0.227152,0.5498171
"2012_004088_Daedalus_(0.3,512).png",0.14900613,0.06772636,6.884104,0.013407058,0.79400396,0.5449101,0.30566975,0.31614575,0.19777405,0.5482166
"2012_004102_Daedalus_(0.3,512).png",0.3309073,0.0,7.9079494,0.019468984,0.82954955,0.6143041,0.28338844,0.29823157,0.21641725,0.5069075
"2012_004115_Daedalus_(0.3,512).png",0.20868564,0.0,8.594687,0.013751319,0.78077394,0.52324593,0.3142018,0.32283366,0.16313796,0.5211847
