file,ssim,ms_ssim,psnr,vif_p,vsi,fsim,gmsd,ms_gmsd,haarpsi,mdsi
2007_000042_FGSM_0.03.png,0.76341146,0.94030267,30.14931,0.5129856,0.9839423,0.95526713,0.067527734,0.06846009,0.85276926,0.31489646
2007_000170_FGSM_0.01.png,0.93095845,0.98166543,38.66495,0.67500424,0.99771035,0.990577,0.0144857485,0.015359203,0.96341336,0.20821972
2007_000250_FGSM_0.7.png,0.006977904,0.05430591,5.889121,0.002999993,0.5244834,0.25239223,0.30130377,0.29985008,0.09114147,0.73627555
2007_000346_FGSM_0.3.png,0.060838964,0.3082092,10.898153,0.032589044,0.70469606,0.48481026,0.31678933,0.30622098,0.19170147,0.7036673
2007_000549_FGSM_0.7.png,0.007452615,0.04765923,5.89047,0.004329699,0.58511245,0.30257967,0.3045131,0.30415243,0.10542862,0.7440856
2007_000876_FGSM_0.5.png,0.01452274,0.16983719,7.8131747,0.010642903,0.65071374,0.3560034,0.29735893,0.287006,0.1814963,0.7203264
2007_002088_FGSM_0.03.png,0.816256,0.9460245,30.16306,0.48649248,0.98931617,0.9692247,0.038109988,0.042044256,0.83633095,0.26538974
2007_002094_FGSM_0.07.png,0.25002667,0.6306823,23.131008,0.09848012,0.90674204,0.71607333,0.2063436,0.19679828,0.4805936,0.4856967
2007_002099_FGSM_0.003.png,0.9905069,0.9975068,48.180054,0.9058609,0.99969095,0.9983352,0.0021263207,0.0022081141,0.99439347,0.12788303
2007_002293_FGSM_0.003.png,0.99249697,0.9983383,48.20587,0.9357422,0.9997479,0.9991625,0.001671193,0.0018275751,0.9963686,0.11767873
2007_002344_FGSM_0.01.png,0.9488361,0.98772925,38.659378,0.7386535,0.9978654,0.992061,0.01230948,0.013093447,0.96804255,0.19482705
2007_002400_FGSM_0.1.png,0.3108916,0.67023206,20.110456,0.14262895,0.90012085,0.7968483,0.22467951,0.21278276,0.47492293,0.4936077
2007_002597_FGSM_0.3.png,0.06658584,0.38149485,11.467242,0.039656434,0.73369133,0.5428786,0.30704322,0.2923476,0.2804782,0.6573671
2007_002824_FGSM_0.05.png,0.42811096,0.77514124,26.256056,0.1671084,0.9571935,0.8552621,0.13127525,0.12747209,0.6531259,0.40192872
2007_002852_FGSM_0.01.png,0.96721345,0.9911317,38.66046,0.78462327,0.99808896,0.9948227,0.008515957,0.009581269,0.9715298,0.17569712
2007_002953_FGSM_0.05.png,0.55530995,0.8711086,26.261936,0.3494794,0.96482104,0.9187439,0.11863965,0.11749482,0.7532856,0.38105994
2007_003118_FGSM_0.01.png,0.9392503,0.9892134,38.66748,0.7320202,0.99812067,0.9925656,0.010491899,0.012175531,0.971169,0.1870411
2007_003137_FGSM_0.1.png,0.47452986,0.82848805,20.374401,0.24080697,0.93590343,0.8654024,0.1585904,0.15664385,0.56998676,0.4256046
2007_003191_FGSM_0.01.png,0.9360728,0.98898196,38.707176,0.7363978,0.99778485,0.9928137,0.009621738,0.011360891,0.9718688,0.18286386
2007_003251_FGSM_0.1.png,0.3528637,0.7254663,20.380966,0.18482107,0.91239566,0.81169677,0.22245926,0.21116973,0.49720594,0.49745896
2007_003349_FGSM_0.07.png,0.49589166,0.8466072,23.242151,0.27564016,0.9566921,0.90152055,0.13003403,0.13103677,0.6530018,0.39216816
2007_003431_FGSM_0.07.png,0.3642076,0.7251517,23.323528,0.17030706,0.93863106,0.8344015,0.1884573,0.1800933,0.5918393,0.4603467
2007_003580_FGSM_0.03.png,0.6777666,0.9053609,30.136919,0.37099984,0.98313344,0.9429019,0.073081434,0.073520236,0.82888323,0.32675585
2007_003715_FGSM_0.003.png,0.99414235,0.9983916,48.206882,0.9456542,0.9997335,0.99916714,0.0018745053,0.0019115956,0.9953883,0.12156176
2007_004065_FGSM_0.05.png,0.5715172,0.8561852,25.93681,0.31908786,0.9681533,0.91012377,0.13436526,0.1305216,0.7154846,0.3998187
2007_004092_FGSM_0.05.png,0.513757,0.8303232,26.061018,0.28290004,0.9595465,0.8806605,0.13915284,0.13410705,0.65423375,0.4065797
2007_004707_FGSM_0.07.png,0.5197863,0.8358695,23.394218,0.2892609,0.9508097,0.89915454,0.13761255,0.13640381,0.6588005,0.3989043
2007_004856_FGSM_0.5.png,0.017216556,0.15602142,7.6936913,0.010323526,0.6308372,0.3582546,0.31440023,0.30659854,0.16813968,0.7287215
2007_004948_FGSM_0.05.png,0.6269329,0.8785674,25.935907,0.35438755,0.9700921,0.9288703,0.11232849,0.110856384,0.7325905,0.370475
2007_005264_FGSM_0.1.png,0.3186759,0.61706436,20.076254,0.14125657,0.87744373,0.76949316,0.30051252,0.28366283,0.3799023,0.58417875
2007_005368_FGSM_0.05.png,0.5207616,0.8480695,25.916674,0.30299968,0.9630636,0.8810624,0.14387414,0.13900854,0.6809289,0.41212317
2007_005688_FGSM_0.1.png,0.32062182,0.7573082,20.295387,0.16041045,0.93067694,0.8167354,0.17385708,0.17112298,0.5670358,0.4371732
2007_005844_FGSM_0.01.png,0.9435294,0.9862836,38.64697,0.72342634,0.99778634,0.99233997,0.0135455085,0.014385676,0.96808773,0.202518
2007_006117_FGSM_0.3.png,0.07154206,0.3670704,11.311844,0.03861545,0.7340124,0.53010124,0.31129795,0.2939956,0.24815312,0.66861415
2007_006560_FGSM_0.05.png,0.46171114,0.81400424,26.362858,0.23489743,0.95919406,0.8665029,0.14387928,0.13780622,0.67618185,0.41817987
2007_006704_FGSM_0.1.png,0.29319003,0.6458115,20.393087,0.15126765,0.8675538,0.71717983,0.25949198,0.24385212,0.39082015,0.54697645
2007_006865_FGSM_0.03.png,0.62175393,0.87859577,30.129316,0.27108186,0.97982335,0.91063756,0.07740744,0.0786475,0.7827635,0.3351987
2007_006946_FGSM_0.5.png,0.02331856,0.17690152,7.800852,0.011994488,0.5659026,0.28365654,0.30130985,0.30163333,0.12275483,0.74587774
2007_007080_FGSM_0.003.png,0.98978,0.9976907,48.198895,0.91623765,0.9997337,0.9986506,0.0020976753,0.0021523256,0.9959362,0.12693995
2007_007168_FGSM_0.1.png,0.42388892,0.70853025,20.222605,0.19719073,0.894251,0.8345803,0.25215235,0.23712362,0.4634953,0.5124343
2007_007481_FGSM_0.7.png,0.00610649,0.06724608,5.937076,0.0046518906,0.5514159,0.29648635,0.28821954,0.28626373,0.11629744,0.7438595
2007_007908_FGSM_0.05.png,0.5631637,0.86381656,26.292625,0.32606506,0.96764463,0.9001017,0.12974319,0.1259485,0.69731814,0.3966125
2007_007955_FGSM_0.03.png,0.72000927,0.9358704,30.21304,0.435248,0.98534,0.95347893,0.061941423,0.06469593,0.8506956,0.3077964
2007_008430_FGSM_0.1.png,0.2412684,0.6139934,20.389107,0.11300286,0.8858179,0.73072624,0.25689277,0.24397637,0.4387676,0.5364145
2007_008714_FGSM_0.05.png,0.37204778,0.7116901,25.907604,0.119847745,0.94344413,0.7691384,0.18681453,0.17706618,0.51252824,0.47109243
2007_008764_FGSM_0.05.png,0.51016587,0.8176851,25.99232,0.30005082,0.95774895,0.9008365,0.1369321,0.1315485,0.7325298,0.40396136
2007_008944_FGSM_0.3.png,0.06850925,0.26756307,10.653596,0.025074847,0.70854324,0.45318326,0.30486956,0.30123875,0.1698033,0.6837416
2007_008948_FGSM_0.1.png,0.24245669,0.613164,20.294401,0.12464227,0.8646601,0.7044462,0.26164952,0.24630435,0.44048595,0.54826313
2007_009446_FGSM_0.03.png,0.64193934,0.8760047,30.25234,0.3149335,0.98021907,0.90514064,0.08752302,0.08495097,0.7973276,0.34997624
2007_009654_FGSM_0.07.png,0.29674828,0.6734615,23.153088,0.12069117,0.9213272,0.77853286,0.21389924,0.20113327,0.51040447,0.49236786
2007_009709_FGSM_0.7.png,0.01771962,0.12187075,5.995323,0.00739171,0.57493114,0.33265245,0.3363274,0.3246801,0.10581205,0.74702233
2008_000016_FGSM_0.003.png,0.99183446,0.997993,48.21993,0.92976916,0.9997273,0.99880916,0.0018690313,0.001965813,0.9957509,0.122803636
2008_000318_FGSM_0.05.png,0.5876025,0.8546496,25.948223,0.30296382,0.96848303,0.9229516,0.114648126,0.11372974,0.70737386,0.37409148
2008_000348_FGSM_0.01.png,0.9385839,0.98737097,38.70275,0.7455054,0.99765915,0.99140817,0.01335231,0.014574196,0.96782535,0.20149449
2008_000359_FGSM_0.3.png,0.08119414,0.34185252,10.821437,0.03598521,0.7345481,0.5151798,0.32468477,0.3144149,0.20916964,0.70307034
2008_000382_FGSM_0.003.png,0.99175495,0.998277,48.179214,0.9303465,0.9997209,0.9988028,0.0016234954,0.001799286,0.99570286,0.117578685
2008_000397_FGSM_0.5.png,0.027564852,0.17743433,7.742158,0.0118471505,0.6066499,0.3657008,0.3311034,0.32284015,0.13294101,0.74718434
2008_000491_FGSM_0.1.png,0.20263119,0.6032935,20.37067,0.11288197,0.892385,0.70102596,0.23568709,0.22345361,0.4704487,0.5134328
2008_000532_FGSM_0.05.png,0.79352045,0.9457806,26.078537,0.45578134,0.98245513,0.9620935,0.06730599,0.070607096,0.8006202,0.3071924
2008_000533_FGSM_0.05.png,0.5088439,0.8199044,25.907991,0.27794722,0.95413244,0.91194767,0.16162771,0.15442657,0.6884476,0.4312369
2008_000536_FGSM_0.1.png,0.25941643,0.6362259,20.173014,0.10923693,0.8839983,0.76089424,0.23155114,0.22105035,0.46528983,0.51163745
2008_000552_FGSM_0.7.png,0.010529354,0.088132165,5.8032727,0.0059842113,0.6544671,0.4379274,0.29954973,0.29240423,0.20084952,0.7060622
2008_000559_FGSM_0.01.png,0.94248885,0.9858498,38.66377,0.70103586,0.99787515,0.9912397,0.010774545,0.011865806,0.9640316,0.18974526
2008_000703_FGSM_0.3.png,0.053338025,0.2557969,10.813528,0.022735484,0.6707785,0.4471935,0.32380232,0.31283095,0.1388937,0.72089165
2008_000793_FGSM_0.5.png,0.027235975,0.17847697,8.231248,0.013118322,0.677161,0.40918463,0.33067465,0.3224327,0.1135574,0.73594105
2008_000796_FGSM_0.03.png,0.68358445,0.9202301,30.857115,0.3702819,0.9868818,0.948528,0.057751164,0.058287676,0.8225552,0.30956736
2008_000839_FGSM_0.1.png,0.3477887,0.71292883,20.494255,0.16277482,0.92354625,0.8146421,0.17594102,0.17264238,0.5281354,0.44528806
2008_000857_FGSM_0.7.png,0.011926162,0.07266153,5.851413,0.00491345,0.5977658,0.3484121,0.32297412,0.31323114,0.14009081,0.7419039
2008_000911_FGSM_0.03.png,0.67040306,0.897585,30.14819,0.35614955,0.98511446,0.93395144,0.0841978,0.08325678,0.818828,0.34363073
2008_000924_FGSM_0.05.png,0.57374954,0.8577979,26.085627,0.30864567,0.9669918,0.9094525,0.11525391,0.11417715,0.7177545,0.3772082
2008_000939_FGSM_0.3.png,0.06758871,0.3129169,11.121722,0.03579802,0.6663333,0.43214956,0.3207664,0.31358066,0.13786206,0.72524863
2008_001020_FGSM_0.03.png,0.73280984,0.92766076,30.151104,0.43547243,0.9855673,0.95906305,0.07096098,0.07221829,0.857154,0.31979898
2008_001036_FGSM_0.05.png,0.45667958,0.8174924,25.944433,0.24023224,0.95666516,0.8685207,0.12698041,0.12517148,0.6820027,0.39250335
2008_001054_FGSM_0.1.png,0.43067345,0.7954319,20.21455,0.23651536,0.9076548,0.81747895,0.2065314,0.19615549,0.5186997,0.4778391
2008_001077_FGSM_0.05.png,0.52638763,0.8269898,26.029346,0.2754981,0.9634163,0.89378583,0.13246909,0.12906708,0.6997807,0.39592713
2008_001389_FGSM_0.07.png,0.39203683,0.7096999,23.434904,0.174551,0.9258929,0.768238,0.22789685,0.21562055,0.52430016,0.50414884
2008_001405_FGSM_0.003.png,0.99408984,0.99923855,48.426743,0.9612214,0.9998388,0.9995021,0.0009827852,0.0011699793,0.99681526,0.10141828
2008_001428_FGSM_0.003.png,0.99005073,0.9973367,48.231853,0.9025744,0.99968314,0.9983077,0.0020353787,0.0021107672,0.9938402,0.12648936
2008_001429_FGSM_0.7.png,0.011828355,0.11759441,5.884752,0.007076597,0.6282768,0.38257468,0.31236658,0.29987624,0.16688487,0.72187006
2008_001430_FGSM_0.7.png,0.0068613826,0.06483998,5.8686867,0.004707515,0.5926926,0.32994628,0.28523335,0.28106776,0.14815181,0.7345344
2008_001460_FGSM_0.03.png,0.7084667,0.9243185,30.394354,0.4657707,0.9844843,0.95130503,0.07870353,0.078112535,0.8673784,0.33535776
2008_001479_FGSM_0.01.png,0.9248583,0.9810317,38.66494,0.6655403,0.99671215,0.98868513,0.016026542,0.016673608,0.95753926,0.2141917
2008_001503_FGSM_0.1.png,0.27698615,0.64896494,20.251753,0.1277123,0.9031749,0.7734612,0.21483894,0.20496845,0.48026994,0.49231175
2008_001516_FGSM_0.1.png,0.22801031,0.5534677,20.02026,0.09207155,0.86891806,0.69952863,0.23948485,0.22845751,0.40627775,0.5165112
2008_001523_FGSM_0.5.png,0.024769938,0.12250612,7.1904373,0.008778293,0.5593463,0.3374556,0.3049829,0.30427942,0.1058979,0.74352956
2008_001622_FGSM_0.07.png,0.41081667,0.76547784,23.699503,0.2301466,0.93644994,0.8589832,0.17200692,0.16470063,0.6038332,0.44627693
2008_001626_FGSM_0.05.png,0.75059175,0.92231894,25.928204,0.41945907,0.97765416,0.9465644,0.083535045,0.08523089,0.75239587,0.3378077
2008_001641_FGSM_0.3.png,0.07121821,0.3022382,11.368528,0.028630467,0.6987117,0.446092,0.32548523,0.3139119,0.18591303,0.7124804
2008_001679_FGSM_0.01.png,0.93001777,0.9875336,38.65206,0.7155358,0.99754876,0.99193454,0.009776701,0.011551289,0.9715731,0.18419607
2008_001691_FGSM_0.03.png,0.76315117,0.91070384,30.17702,0.43718708,0.98735064,0.95743585,0.06401052,0.06460605,0.8461599,0.31467465
2008_001694_FGSM_0.07.png,0.37543288,0.71884555,23.486528,0.15379246,0.94166195,0.8218634,0.18821748,0.17814681,0.5500296,0.46144322
2008_001702_FGSM_0.5.png,0.016029997,0.1473562,8.382599,0.009995081,0.6076115,0.32391822,0.3011235,0.297429,0.1135492,0.74391204
2008_001717_FGSM_0.03.png,0.8424366,0.9537725,30.640411,0.50768715,0.9896434,0.9698822,0.043147173,0.045096956,0.83317286,0.2785
2008_001723_FGSM_0.003.png,0.99351865,0.9986892,48.22432,0.9484507,0.9997773,0.99911606,0.0014600202,0.0016170084,0.996361,0.112931736
2008_001744_FGSM_0.1.png,0.2855477,0.6648024,20.720825,0.1508783,0.911056,0.77690685,0.22950964,0.21874996,0.54282725,0.5038172
2008_001746_FGSM_0.003.png,0.99564147,0.99922013,48.183052,0.9588754,0.9998089,0.9994371,0.0010318918,0.0012528935,0.99670124,0.10223933
2008_001770_FGSM_0.003.png,0.99000937,0.99762505,48.180195,0.9086696,0.9996547,0.99824286,0.0018814693,0.0019896957,0.9944568,0.12361039
2008_001783_FGSM_0.5.png,0.04329851,0.182968,8.007031,0.012483899,0.6345063,0.39309868,0.3378064,0.33066097,0.122753054,0.7461732
2008_001792_FGSM_0.003.png,0.9917118,0.99802,48.179955,0.9223062,0.9996992,0.99903756,0.0020283991,0.0020919507,0.9959999,0.12433876
2008_001805_FGSM_0.05.png,0.51164144,0.80413324,26.028978,0.26295635,0.9541139,0.89637005,0.14509422,0.14110994,0.6677089,0.41018522
2008_001806_FGSM_0.003.png,0.9919422,0.99818784,48.194805,0.93444407,0.99970365,0.99891764,0.0015711951,0.0017347499,0.9957858,0.11615178
2008_001808_FGSM_0.05.png,0.680749,0.91230255,25.968817,0.38690913,0.97476226,0.938763,0.08928474,0.09240752,0.7672616,0.3398599
2008_001809_FGSM_0.7.png,0.012263847,0.076809414,5.774098,0.004683042,0.5389391,0.29792023,0.32669374,0.3211964,0.07371582,0.746907
2008_001810_FGSM_0.1.png,0.52578515,0.86347276,20.17895,0.26854065,0.94180864,0.89068097,0.14806484,0.14941847,0.61389244,0.40723488
2008_001813_FGSM_0.01.png,0.9555828,0.9902939,38.64288,0.76399696,0.99817944,0.99493676,0.01009396,0.011308095,0.97613287,0.18324749
2008_001815_FGSM_0.01.png,0.9472961,0.98871833,38.822372,0.7723124,0.9979596,0.9943097,0.012764369,0.013827578,0.97557926,0.19613981
2008_001820_FGSM_0.5.png,0.073868655,0.3243403,8.088408,0.030722106,0.6651018,0.4852613,0.34113145,0.32427174,0.15121861,0.71692556
2008_001821_FGSM_0.05.png,0.50811726,0.8309689,26.110146,0.2667266,0.9584278,0.8861343,0.13376139,0.1291171,0.673547,0.40198508
2008_001829_FGSM_0.05.png,0.6343489,0.8778536,25.925016,0.29086927,0.9754185,0.93570274,0.088524245,0.09280121,0.71545976,0.34039664
2008_001832_FGSM_0.05.png,0.51582116,0.823199,25.967285,0.2575893,0.96480274,0.8924901,0.12822501,0.12503071,0.67486215,0.39564726
2008_001841_FGSM_0.3.png,0.05365022,0.3414422,11.917019,0.029594246,0.7375107,0.48795527,0.30135342,0.29059765,0.23910627,0.66871643
2008_001850_FGSM_0.7.png,0.010907824,0.07099413,5.895254,0.0050027496,0.52774316,0.27067235,0.3026998,0.29987052,0.06944835,0.7447165
2008_001856_FGSM_0.07.png,0.32639307,0.7103708,23.226303,0.16170982,0.9218353,0.8174648,0.19991322,0.19008084,0.5678888,0.47064206
2008_001865_FGSM_0.7.png,0.016465535,0.092131115,5.8504496,0.0051788706,0.65537435,0.43111968,0.32456988,0.31124792,0.1759983,0.7139428
2008_001866_FGSM_0.01.png,0.9431541,0.98680526,38.7285,0.7393992,0.9975983,0.9932658,0.013581665,0.014621647,0.9695927,0.19939849
2008_001867_FGSM_0.003.png,0.9968009,0.9994016,48.189716,0.964995,0.99983096,0.9995121,0.000954905,0.001117732,0.99656403,0.0989242
2008_001880_FGSM_0.7.png,0.007916841,0.029684471,5.8626227,0.0026974946,0.5056985,0.27471933,0.30155146,0.30239668,0.065778404,0.7443089
2008_001896_FGSM_0.5.png,0.016804488,0.13565713,7.4624515,0.008590216,0.5405338,0.28871498,0.3088268,0.3048928,0.10390662,0.74649787
2008_001919_FGSM_0.03.png,0.7160041,0.91872054,30.151665,0.38534245,0.9860544,0.9546589,0.07351087,0.07346723,0.81814075,0.32556942
2008_001921_FGSM_0.003.png,0.9906738,0.9972992,48.182594,0.9073697,0.9997016,0.99852866,0.0019132508,0.002003082,0.9953365,0.12511073
2008_002117_FGSM_0.1.png,0.28681564,0.72921705,20.525177,0.17289172,0.9118886,0.8036278,0.20155032,0.19236873,0.5208433,0.4728819
2008_002140_FGSM_0.3.png,0.078876026,0.34589016,11.044796,0.039363522,0.69845426,0.5095668,0.34252933,0.32911733,0.19740826,0.7272656
2008_002389_FGSM_0.3.png,0.043248024,0.26273918,11.253372,0.023032866,0.7211202,0.4649454,0.29529935,0.28211057,0.197815,0.6711324
2008_002467_FGSM_0.003.png,0.99060684,0.99769187,48.189934,0.9197433,0.9997266,0.99878347,0.0015757801,0.0017140222,0.99583,0.117560774
2008_003652_FGSM_0.5.png,0.047308188,0.19148888,7.474367,0.014885251,0.6662864,0.4727619,0.34098443,0.32915384,0.13695368,0.72091144
2008_004296_FGSM_0.03.png,0.70924664,0.91655654,30.144308,0.4110081,0.98612607,0.9451868,0.063991584,0.065644115,0.8222714,0.31186426
2008_004570_FGSM_0.01.png,0.9497535,0.9901113,38.722973,0.75213486,0.99808204,0.99341285,0.010023831,0.011422664,0.97258794,0.1836731
2008_004725_FGSM_0.5.png,0.053813994,0.27744335,8.267788,0.02366025,0.60722595,0.39908588,0.3322738,0.32424104,0.15127407,0.730885
2008_005853_FGSM_0.05.png,0.3670176,0.67896533,25.921925,0.09792004,0.93310255,0.76390666,0.17531356,0.16566028,0.5378744,0.457234
2008_005914_FGSM_0.3.png,0.10042941,0.40801486,11.234953,0.045639087,0.76453346,0.60020024,0.29008362,0.28004974,0.24760415,0.6313178
2008_006082_FGSM_0.003.png,0.99098307,0.9980471,48.19603,0.9188812,0.99971145,0.99897224,0.0016887574,0.0018874813,0.9955601,0.11936336
2008_006207_FGSM_0.3.png,0.042027477,0.22134747,11.308365,0.018403178,0.66727895,0.401377,0.2978672,0.29720008,0.1716738,0.7177304
2008_006562_FGSM_0.003.png,0.99511147,0.9990344,48.287437,0.9576359,0.9998053,0.9993924,0.0011746725,0.0013590351,0.9966837,0.106079705
2008_006641_FGSM_0.05.png,0.53061426,0.8394343,26.11458,0.29068506,0.96857715,0.91889286,0.11406649,0.1140168,0.72991675,0.37470883
2008_006751_FGSM_0.1.png,0.446534,0.76700073,20.523005,0.23129286,0.9374972,0.8745793,0.1648198,0.16272654,0.59794825,0.43184698
2008_006751_FGSM_0.7.png,0.020610666,0.123334296,5.917752,0.009202556,0.66446984,0.44172266,0.30614373,0.29907113,0.18582658,0.7093722
2008_006764_FGSM_0.3.png,0.03756852,0.28455067,11.0882435,0.024304328,0.7236278,0.4353708,0.29939446,0.28503188,0.21414569,0.6846556
2008_006950_FGSM_0.07.png,0.46675047,0.7899701,23.918743,0.2348814,0.95175475,0.87842286,0.14182317,0.13860229,0.6670574,0.40856522
2008_006998_FGSM_0.1.png,0.25646278,0.676208,20.511923,0.13899952,0.90533894,0.77891,0.19320312,0.18562569,0.4933446,0.46551454
2008_007042_FGSM_0.5.png,0.018500788,0.16359265,7.919141,0.011720226,0.6064656,0.37418872,0.32720706,0.31740513,0.13086891,0.7421584
2008_007653_FGSM_0.3.png,0.038626954,0.1861689,10.761867,0.015116478,0.6429379,0.3913727,0.31893826,0.313268,0.13580056,0.73146904
2008_007823_FGSM_0.01.png,0.9332016,0.9831483,38.675053,0.7020799,0.99784815,0.9926856,0.014177344,0.014938665,0.96706474,0.20424643
2008_007893_FGSM_0.1.png,0.17144883,0.4786117,20.159927,0.060351633,0.83950484,0.5952659,0.25491187,0.24407715,0.33734906,0.5629036
2008_007909_FGSM_0.03.png,0.7946729,0.94201493,30.120796,0.46317968,0.9878839,0.9656541,0.041388035,0.045406688,0.8259053,0.27350265
2008_007973_FGSM_0.03.png,0.649224,0.87046915,30.13796,0.31812584,0.9789447,0.9048454,0.09787131,0.09443604,0.77942514,0.36442143
2008_008044_FGSM_0.07.png,0.3541144,0.6733039,23.104378,0.17109428,0.9170662,0.8007817,0.20696287,0.19747004,0.5518033,0.4808802
2008_008120_FGSM_0.7.png,0.010148451,0.08190727,5.891423,0.0043182387,0.53477246,0.30165157,0.31833926,0.3112555,0.09724898,0.7478282
2008_008479_FGSM_0.003.png,0.9915708,0.99810904,48.190502,0.9311615,0.9997384,0.99881935,0.0016767356,0.0018417569,0.99508035,0.11891575
2008_008570_FGSM_0.1.png,0.22025774,0.5709655,20.116804,0.09631327,0.8948705,0.6662623,0.26054135,0.24802242,0.39546782,0.5425678
2008_008689_FGSM_0.1.png,0.29654357,0.70082766,20.549282,0.16176115,0.890213,0.76932245,0.2277996,0.2153793,0.47816393,0.50432307
2009_000526_FGSM_0.3.png,0.14853604,0.4122599,11.135368,0.050826058,0.7600676,0.5880015,0.3302711,0.31719795,0.24928588,0.6787163
2009_001085_FGSM_0.05.png,0.48940244,0.78496486,25.929956,0.21268414,0.9687627,0.89199615,0.117049895,0.117209494,0.680521,0.38469583
2009_001975_FGSM_0.1.png,0.33977732,0.6645964,20.110521,0.16301362,0.8840931,0.75987065,0.25021598,0.2390758,0.46015286,0.5282003
2009_003039_FGSM_0.7.png,0.012651131,0.066187404,5.7792053,0.0051395255,0.5807576,0.34875727,0.32648894,0.32030657,0.10141031,0.7474276
2009_003074_FGSM_0.7.png,0.012124032,0.09744293,5.94736,0.00547351,0.5709747,0.34036225,0.32125738,0.31127092,0.1211445,0.74515027
2009_003284_FGSM_0.07.png,0.3494617,0.7079959,23.136745,0.15966348,0.9247043,0.80210674,0.18373127,0.1771845,0.56596655,0.4530831
2009_003288_FGSM_0.003.png,0.9918914,0.99807256,48.294426,0.9350741,0.9997242,0.99888515,0.0016628364,0.0017802884,0.995219,0.11874198
2009_003345_FGSM_0.7.png,0.01005246,0.057769116,5.9458895,0.0028289598,0.5034963,0.22638088,0.306122,0.30322796,0.07204903,0.73799473
2009_003815_FGSM_0.3.png,0.1632943,0.5174214,11.265683,0.06890464,0.8251677,0.6804175,0.25610623,0.25022873,0.36672407,0.57038677
2009_003867_FGSM_0.05.png,0.5600291,0.8540881,26.011196,0.32536468,0.9625619,0.91472864,0.13590187,0.1316447,0.70818883,0.39704767
2009_003929_FGSM_0.3.png,0.11737565,0.46858135,11.184331,0.0642251,0.7918635,0.6637628,0.28058136,0.27092996,0.27036223,0.60949504
2009_003995_FGSM_0.01.png,0.9260141,0.97979766,38.713726,0.64535517,0.9975398,0.98730016,0.01645983,0.017093157,0.96619827,0.21411495
2009_004038_FGSM_0.01.png,0.9297392,0.98197794,38.644794,0.66069275,0.9971683,0.98984647,0.014915866,0.015547672,0.9584935,0.20857014
2009_004263_FGSM_0.003.png,0.9902427,0.9975066,48.19737,0.9029046,0.9997143,0.99825656,0.0020954302,0.0021727057,0.9946415,0.12831642
2009_004274_FGSM_0.5.png,0.037885223,0.24031909,7.6165147,0.018903121,0.6720329,0.4628853,0.34994242,0.3362674,0.17196475,0.7320565
2009_004319_FGSM_0.3.png,0.08454152,0.32378647,13.174748,0.02792082,0.7586624,0.44461358,0.32100043,0.31253877,0.16620141,0.70364493
2009_004709_FGSM_0.003.png,0.98983604,0.9967335,48.199444,0.8827627,0.9996941,0.9963189,0.002308692,0.0023215248,0.99407625,0.13214251
2009_004737_FGSM_0.3.png,0.066129565,0.23296328,10.70994,0.021529,0.69697297,0.43508318,0.30093625,0.3033966,0.17747152,0.7050858
2009_004979_FGSM_0.05.png,0.5888571,0.8808797,25.963757,0.35947746,0.9679693,0.9238154,0.113837525,0.114039406,0.72568554,0.37316075
2009_005008_FGSM_0.03.png,0.712346,0.9347193,30.268671,0.45509902,0.9868125,0.9612245,0.05863734,0.06175048,0.84876853,0.3006524
2009_005170_FGSM_0.1.png,0.27812794,0.7176605,20.420675,0.16341646,0.90560883,0.7728585,0.20036452,0.19191572,0.53484195,0.46797076
2010_000132_FGSM_0.5.png,0.015966116,0.13747673,7.409767,0.009520776,0.5859268,0.31441662,0.3203261,0.31468728,0.12087991,0.7464084
2010_000202_FGSM_0.05.png,0.7278556,0.9429848,25.945185,0.4062131,0.97831225,0.9505299,0.070161626,0.07718076,0.76626956,0.3148013
2010_000399_FGSM_0.01.png,0.96026707,0.9919612,38.647354,0.8001628,0.9984325,0.9955191,0.009379187,0.010693402,0.97123796,0.17914182
2010_000567_FGSM_0.5.png,0.00995963,0.11588261,7.781672,0.0061441786,0.5364307,0.25266594,0.2740893,0.28289273,0.10414377,0.74375975
2010_000712_FGSM_0.1.png,0.27943036,0.6736477,20.141457,0.14118838,0.9062829,0.76872,0.20820723,0.20016529,0.49323836,0.48298478
2010_000971_FGSM_0.003.png,0.99240655,0.99796796,48.18171,0.92498356,0.99973506,0.9991684,0.0020081452,0.0020737706,0.9951381,0.12385938
2010_001134_FGSM_0.1.png,0.5261466,0.8491936,20.29039,0.25806084,0.9434467,0.8816307,0.14617215,0.14713253,0.5973241,0.41024563
2010_001273_FGSM_0.003.png,0.9958491,0.9990986,48.18186,0.9548527,0.99981606,0.9995059,0.00090182864,0.0011055005,0.99628186,0.09954252
2010_001356_FGSM_0.01.png,0.9482677,0.98539495,38.751072,0.7196897,0.997952,0.99159294,0.010777676,0.011812571,0.95929694,0.1887406
2010_001486_FGSM_0.3.png,0.0490836,0.29630235,11.327297,0.026829993,0.72513443,0.49060294,0.29381788,0.29045427,0.25159666,0.64936596
2010_001514_FGSM_0.1.png,0.303252,0.6850899,20.38052,0.15637389,0.9020165,0.7953614,0.22980912,0.21673173,0.5066568,0.49933136
2010_001574_FGSM_0.1.png,0.19446509,0.5393949,20.077229,0.079758205,0.86354315,0.6721232,0.26062715,0.24506652,0.37954104,0.5549696
2010_001675_FGSM_0.3.png,0.059731755,0.18714769,11.399834,0.017010974,0.7308535,0.49500751,0.27775812,0.2763647,0.2162626,0.6537364
2010_001717_FGSM_0.003.png,0.9947216,0.99899626,48.249878,0.9600318,0.99984694,0.99956775,0.0011442797,0.0012882095,0.99653685,0.105888665
2010_001731_FGSM_0.03.png,0.8395876,0.94545215,32.765778,0.373749,0.98806787,0.8012113,0.044406213,0.044750653,0.8425665,0.2928949
2010_001885_FGSM_0.5.png,0.012835454,0.10416181,7.801575,0.0076407683,0.60073066,0.29851905,0.275608,0.2717375,0.12763353,0.7225256
2010_001973_FGSM_0.07.png,0.34936062,0.7086871,23.215406,0.1733195,0.92448926,0.791288,0.20417665,0.19299485,0.5308319,0.47930306
2010_002218_FGSM_0.003.png,0.9934914,0.99869555,48.203293,0.9534462,0.99972785,0.99921924,0.0016073348,0.0017500591,0.9956197,0.11600309
2010_002379_FGSM_0.07.png,0.379051,0.81745595,23.797094,0.2473896,0.94861937,0.8769033,0.13763526,0.13705169,0.6491296,0.40445223
2010_002388_FGSM_0.5.png,0.01430056,0.10247233,6.8867626,0.0073090824,0.48092362,0.23650594,0.27758184,0.2870237,0.076716095,0.7173725
2010_002392_FGSM_0.05.png,0.53343624,0.81368995,26.008675,0.23347133,0.9588575,0.8785788,0.12459937,0.12224764,0.65182334,0.38795468
2010_002614_FGSM_0.05.png,0.53159195,0.81338143,25.999908,0.26222226,0.9600424,0.9014196,0.14440785,0.13842894,0.68938243,0.41288713
2010_002704_FGSM_0.03.png,0.70923835,0.8936513,30.137432,0.375068,0.9793912,0.9376661,0.086060934,0.08355839,0.80063045,0.34538677
2010_002729_FGSM_0.7.png,0.0066679865,0.046780277,5.8807273,0.0025838383,0.5179596,0.24125199,0.3060258,0.30301264,0.092772104,0.7427259
2010_002740_FGSM_0.1.png,0.19172215,0.5209167,20.35437,0.07078827,0.8814314,0.60860413,0.28591037,0.27132636,0.34806043,0.5949638
2010_002801_FGSM_0.05.png,0.7304048,0.9229346,25.961123,0.41741693,0.9802294,0.9546098,0.083460875,0.085734285,0.750585,0.33569354
2010_002830_FGSM_0.03.png,0.7238736,0.9139522,30.225395,0.43298545,0.9837577,0.9505312,0.08387524,0.08161175,0.83098316,0.34186858
2010_002842_FGSM_0.07.png,0.6416228,0.8772881,23.496166,0.36091638,0.95799446,0.92761505,0.17404392,0.16578275,0.6619337,0.4354796
2010_002965_FGSM_0.3.png,0.02945838,0.21467417,10.960282,0.017164236,0.6510642,0.37536904,0.29649124,0.2928452,0.16510849,0.7136672
2010_003047_FGSM_0.07.png,0.4277936,0.7788811,23.409893,0.22775996,0.94306296,0.8357825,0.16024055,0.15658613,0.6145488,0.4278707
2010_003050_FGSM_0.5.png,0.014884864,0.093373634,7.4953456,0.006705811,0.6031278,0.3355764,0.28505537,0.28502268,0.12042567,0.72989243
2010_003101_FGSM_0.1.png,0.5065864,0.9167126,20.812763,0.34981182,0.9450046,0.8857499,0.12484619,0.12936091,0.60537946,0.3931288
2010_003329_FGSM_0.003.png,0.99065024,0.99767256,48.21423,0.91129136,0.99969023,0.99843496,0.0021033564,0.00215531,0.9953307,0.12738085
2010_003380_FGSM_0.1.png,0.31109604,0.63273627,20.879477,0.12322937,0.90304756,0.7501203,0.20427491,0.19775778,0.44345748,0.4871907
2010_003418_FGSM_0.3.png,0.021154374,0.15389825,10.612141,0.011547561,0.5778695,0.25984696,0.25964725,0.26704866,0.12499665,0.7279153
2010_003531_FGSM_0.07.png,0.45609042,0.7942136,23.10225,0.21923599,0.94345194,0.8520448,0.17668423,0.1686711,0.5861627,0.44555917
2010_003539_FGSM_0.07.png,0.40931812,0.7655433,23.147352,0.21047023,0.93737924,0.8327164,0.20026639,0.18935938,0.57339203,0.47730708
2010_003554_FGSM_0.1.png,0.20556295,0.59988946,20.178806,0.10012375,0.88303155,0.73655736,0.23661008,0.2226765,0.4589339,0.514914
2010_003582_FGSM_0.05.png,0.5031081,0.7777819,25.926283,0.20502618,0.9623907,0.86234,0.13589813,0.13157958,0.67455095,0.40468296
2010_003651_FGSM_0.5.png,0.043593585,0.19252127,7.6195073,0.016154699,0.67852545,0.44943908,0.31171823,0.30307028,0.15887465,0.7069756
2010_003746_FGSM_0.05.png,0.55006737,0.8533759,26.105154,0.27973008,0.9683851,0.9099791,0.10447118,0.10511808,0.70424885,0.365318
2010_003752_FGSM_0.07.png,0.31200957,0.704761,23.253586,0.14526914,0.9313844,0.79729784,0.1755037,0.16873622,0.56948483,0.4453729
2010_003755_FGSM_0.7.png,0.008695403,0.08019694,5.8878136,0.004809139,0.5974281,0.3680206,0.31485796,0.30639157,0.12889098,0.74034107
2010_003818_FGSM_0.003.png,0.9916385,0.99765056,48.182735,0.91872257,0.9997271,0.9987052,0.0020785287,0.0021054407,0.9939379,0.1259375
2010_003943_FGSM_0.3.png,0.08788699,0.4025779,11.037201,0.04102497,0.7029177,0.53149474,0.3370212,0.32000065,0.23465061,0.68398255
2010_003961_FGSM_0.7.png,0.0070582945,0.05789263,5.9086857,0.004981102,0.5521733,0.28970903,0.28216398,0.28322658,0.100710265,0.74135756
2010_004010_FGSM_0.3.png,0.06675714,0.29727504,11.182716,0.032524414,0.6540184,0.41263157,0.33499658,0.33315477,0.15038994,0.7442526
2010_004023_FGSM_0.003.png,0.9944431,0.9986581,48.190704,0.9454174,0.99977535,0.99910676,0.0013767066,0.0015082312,0.9958706,0.11167707
2010_004062_FGSM_0.03.png,0.750006,0.930283,30.134758,0.46281627,0.98420465,0.95565563,0.06356703,0.06533312,0.84490466,0.30989003
2010_004107_FGSM_0.05.png,0.44112715,0.7825279,25.935247,0.19593783,0.9469476,0.8466471,0.15329407,0.14634813,0.6152961,0.42476627
2010_004145_FGSM_0.01.png,0.9181587,0.9759636,38.655746,0.6115117,0.99747205,0.98212975,0.017754607,0.018108504,0.95232916,0.22128949
2010_004223_FGSM_0.07.png,0.25747114,0.58567405,23.080568,0.09087909,0.8885557,0.6799977,0.23012707,0.21755959,0.4462176,0.5159513
2010_004283_FGSM_0.7.png,0.0063948533,0.08103941,6.0792785,0.004632621,0.5369526,0.2310603,0.28907675,0.29030138,0.07419867,0.73737967
2010_004676_FGSM_0.5.png,0.023250535,0.13770773,7.4753914,0.010211596,0.6229114,0.34741443,0.30738807,0.30239996,0.120740734,0.731535
2010_004681_FGSM_0.07.png,0.36068773,0.7091336,23.145504,0.16249694,0.9442024,0.8351637,0.16427898,0.15949726,0.56016713,0.43270028
2010_004757_FGSM_0.5.png,0.029920219,0.19542992,7.9349275,0.011326664,0.6507066,0.3979759,0.31985557,0.3084938,0.17521861,0.73278487
2010_005055_FGSM_0.07.png,0.55307484,0.82540756,23.793587,0.25929946,0.9515096,0.8908493,0.14864716,0.14437287,0.59275615,0.4176113
2010_005082_FGSM_0.3.png,0.04491687,0.23613645,10.983976,0.021574445,0.69579303,0.4639834,0.3056124,0.302296,0.18342495,0.7066185
2010_005483_FGSM_0.05.png,0.5451806,0.8516927,26.284353,0.2989053,0.9560124,0.8966467,0.1539942,0.1461725,0.690554,0.42290482
2010_005592_FGSM_0.003.png,0.993825,0.99872476,48.19011,0.94613117,0.9997393,0.9990325,0.0012896883,0.0014778712,0.99611187,0.109521925
2010_005762_FGSM_0.1.png,0.39035186,0.73941773,20.21036,0.17349699,0.9243082,0.850528,0.16869064,0.16756004,0.5700277,0.43273914
2010_005932_FGSM_0.07.png,0.41083995,0.80632764,23.340076,0.24269973,0.9292159,0.8447799,0.1705847,0.16446856,0.6064191,0.43733475
2010_005973_FGSM_0.003.png,0.9928747,0.9982061,48.21083,0.9395824,0.9997576,0.9990738,0.0015283863,0.001637008,0.9956024,0.11479657
2010_005992_FGSM_0.1.png,0.2530841,0.6732361,20.213413,0.1348674,0.90556127,0.777046,0.22164437,0.21060379,0.50470585,0.49603626
2010_006320_FGSM_0.07.png,0.34862113,0.7466459,23.130243,0.17828143,0.9352312,0.8409775,0.15656877,0.15394141,0.60419834,0.4221718
2010_006568_FGSM_0.003.png,0.99100184,0.9981316,48.258232,0.9278494,0.99972564,0.9988929,0.0017704347,0.0018785502,0.9955042,0.12068147
2011_000066_FGSM_0.05.png,0.50842685,0.8606479,25.97202,0.29723206,0.96778184,0.9012244,0.116122514,0.116264924,0.7284637,0.37475047
2011_000145_FGSM_0.07.png,0.28926882,0.6186288,23.103271,0.10297845,0.9137644,0.72349966,0.21786977,0.2086543,0.4767846,0.49847075
2011_000249_FGSM_0.05.png,0.7438734,0.9213431,26.066765,0.41232893,0.97893095,0.9507304,0.08233612,0.083609074,0.76263064,0.33363286
2011_000299_FGSM_0.03.png,0.8092918,0.92209107,30.13592,0.4389807,0.9881992,0.96291035,0.047555175,0.049258806,0.8551561,0.2841666
2011_000468_FGSM_0.3.png,0.12561111,0.4099567,11.239747,0.052405465,0.77449757,0.6020214,0.30898106,0.29859582,0.2723089,0.65465546
2011_000482_FGSM_0.3.png,0.07727259,0.31180808,10.845009,0.030114336,0.7499745,0.5005755,0.32087433,0.30910987,0.20411696,0.69279516
2011_000514_FGSM_0.1.png,0.19268382,0.5384577,20.113361,0.08896267,0.85613674,0.67938155,0.25680056,0.24433942,0.3828758,0.55000407
2011_000531_FGSM_0.1.png,0.21954614,0.5210262,20.035238,0.10212273,0.86352944,0.5935667,0.291078,0.2770874,0.31266016,0.599164
2011_000565_FGSM_0.003.png,0.9896159,0.9970906,48.263725,0.88151896,0.99962497,0.9977778,0.0022070836,0.0022657951,0.9936731,0.13063705
2011_000622_FGSM_0.003.png,0.9893996,0.99723226,48.27795,0.89639497,0.9997592,0.9980899,0.0022723887,0.0023132367,0.9955406,0.13172549
2011_000656_FGSM_0.01.png,0.93335134,0.9808078,38.64719,0.67924756,0.9970855,0.9927673,0.017959477,0.018226257,0.96186113,0.2201614
2011_000661_FGSM_0.05.png,0.74329823,0.86552143,26.073008,0.3626533,0.97009146,0.9254947,0.08791933,0.08840114,0.7080596,0.34490588
2011_000734_FGSM_0.5.png,0.01175338,0.114263035,7.3017845,0.006646511,0.60643137,0.3255772,0.28378987,0.282477,0.13244651,0.7371618
2011_000774_FGSM_0.03.png,0.7281185,0.9234438,30.125671,0.4205085,0.98482335,0.9510711,0.06808244,0.06869857,0.8332829,0.31679124
2011_000820_FGSM_0.3.png,0.047903,0.27897662,12.094641,0.024284415,0.6829781,0.42663556,0.30700377,0.2983843,0.18396221,0.70232
2011_000882_FGSM_0.03.png,0.69374394,0.91326237,30.237741,0.40985912,0.98457205,0.9404204,0.07272245,0.07354853,0.81249183,0.3257803
2011_000888_FGSM_0.5.png,0.029175287,0.1700003,7.23332,0.010369906,0.61517215,0.38277933,0.32878298,0.31932643,0.1172831,0.739513
2011_000901_FGSM_0.01.png,0.9482353,0.98940724,38.77773,0.75300515,0.99849796,0.99280006,0.011952787,0.013243933,0.9687189,0.19307669
2011_000919_FGSM_0.7.png,0.011818598,0.06901316,5.842731,0.004402454,0.6066262,0.37783587,0.32588995,0.3161009,0.115295835,0.7402724
2011_000983_FGSM_0.05.png,0.45103016,0.7877844,25.903572,0.20174979,0.95329475,0.85083705,0.16361065,0.15508488,0.62188476,0.4380934
2011_001004_FGSM_0.5.png,0.02911122,0.18836093,7.9313755,0.013297062,0.5799396,0.32686743,0.3182102,0.31301585,0.12849511,0.74621534
2011_001016_FGSM_0.07.png,0.42606735,0.83597225,24.082668,0.25623885,0.9635467,0.8972217,0.11749947,0.11857063,0.66876286,0.38485354
2011_001034_FGSM_0.07.png,0.5085372,0.8545124,23.114214,0.26906273,0.9580091,0.90814245,0.11423537,0.11702332,0.68115145,0.37294677
2011_001106_FGSM_0.3.png,0.04521948,0.24707103,11.59349,0.022267481,0.65096045,0.3850032,0.31170473,0.30661115,0.16132131,0.7334584
2011_001111_FGSM_0.1.png,0.27817968,0.61611384,20.214785,0.12016525,0.8871676,0.731227,0.25301734,0.23950541,0.4013729,0.5355266
2011_001138_FGSM_0.05.png,0.6404363,0.8832844,26.00456,0.370241,0.96592486,0.93049085,0.12277376,0.12064168,0.7592223,0.38107598
2011_001292_FGSM_0.003.png,0.9941229,0.9986295,48.17953,0.94647413,0.99974906,0.9992381,0.0014512273,0.0015860305,0.9957491,0.11225072
2011_001360_FGSM_0.5.png,0.076836206,0.25219858,7.6879454,0.024067264,0.71776956,0.5673248,0.29209596,0.28599012,0.19420327,0.6391657
2011_001366_FGSM_0.003.png,0.9920363,0.99820143,48.185333,0.9313689,0.9997155,0.99901116,0.0017253275,0.0018647949,0.9958821,0.11912947
2011_001399_FGSM_0.01.png,0.8948491,0.9870418,39.3928,0.6943049,0.9980406,0.9920065,0.010190073,0.0110678235,0.96608025,0.18992372
2011_001464_FGSM_0.07.png,0.30986953,0.6925089,23.292248,0.1455225,0.9427715,0.82218534,0.19064511,0.18292645,0.6000247,0.45700485
2011_001534_FGSM_0.01.png,0.9238732,0.98048115,38.653816,0.61717814,0.9977108,0.9886669,0.014447686,0.015118554,0.9628351,0.20995036
2011_001558_FGSM_0.01.png,0.94596463,0.9862953,38.65216,0.7588546,0.9977523,0.99268025,0.0143766105,0.015128882,0.9683627,0.2013026
2011_001586_FGSM_0.3.png,0.073293395,0.39348304,11.341686,0.03784018,0.7528217,0.5216121,0.32125273,0.3064131,0.24289884,0.6745674
2011_001600_FGSM_0.5.png,0.018163102,0.11197353,6.909595,0.0075548706,0.5858161,0.33832315,0.31999788,0.31337225,0.08012442,0.74660957
2011_001632_FGSM_0.003.png,0.9960167,0.9991686,48.416504,0.9598664,0.999814,0.99940073,0.00106005,0.0012218107,0.99648654,0.10376791
2011_001645_FGSM_0.05.png,0.50236297,0.80654603,26.195639,0.24032184,0.95959413,0.87014645,0.14576288,0.13948207,0.66804403,0.4194951
2011_001666_FGSM_0.7.png,0.010122624,0.072721,5.8662434,0.0042734453,0.5830223,0.3129403,0.30692267,0.30270198,0.110914685,0.7471769
2011_001668_FGSM_0.7.png,0.023522729,0.12009091,5.8858924,0.006909216,0.66095114,0.45151973,0.33787018,0.32638413,0.1358697,0.7141605
2011_001689_FGSM_0.01.png,0.94619054,0.9863599,38.642048,0.7319193,0.9977417,0.992751,0.013128674,0.013995973,0.9668283,0.19902986
2011_001707_FGSM_0.01.png,0.931979,0.98331755,38.719097,0.67482287,0.997576,0.9914455,0.014893094,0.015505534,0.9660177,0.20807178
2011_001713_FGSM_0.01.png,0.9233807,0.9781557,38.674393,0.62121046,0.99756485,0.985447,0.015673993,0.016190292,0.95138496,0.21469164
2011_001824_FGSM_0.01.png,0.9182537,0.97786474,38.736557,0.59136635,0.99701375,0.984668,0.01583683,0.016641498,0.94593495,0.21578859
2011_001854_FGSM_0.03.png,0.67563444,0.90389484,30.14343,0.32335478,0.98310953,0.9461303,0.057393197,0.060563568,0.8208436,0.30391675
2011_001863_FGSM_0.03.png,0.75512403,0.91361976,30.13442,0.42712224,0.98633647,0.9643154,0.055082135,0.057336986,0.839554,0.29925567
2011_001866_FGSM_0.3.png,0.09055689,0.3042418,11.648958,0.03639648,0.7163111,0.5295865,0.30467477,0.29441154,0.2499372,0.6755678
2011_001906_FGSM_0.03.png,0.7504081,0.9323452,30.143993,0.46115172,0.9847806,0.9543375,0.063075215,0.064863786,0.83375704,0.30632684
2011_001972_FGSM_0.1.png,0.18372314,0.5080741,20.067015,0.06759078,0.8476685,0.6337067,0.25436807,0.24037448,0.37005126,0.5358616
2011_001986_FGSM_0.7.png,0.0065233577,0.051508456,5.7779512,0.0040746974,0.59049904,0.31956136,0.29358858,0.28631523,0.12200397,0.7373448
2011_002026_FGSM_0.05.png,0.50292736,0.84620315,26.219227,0.29943964,0.97279763,0.9077847,0.11270764,0.11302834,0.72022337,0.37608498
2011_002073_FGSM_0.3.png,0.06593595,0.21018046,10.871161,0.017390493,0.6890303,0.4621084,0.32890642,0.3212706,0.14863625,0.7161619
2011_002075_FGSM_0.003.png,0.99318075,0.99845505,48.19359,0.9404881,0.99975634,0.99903035,0.001970466,0.002023307,0.9964074,0.12298178
2011_002100_FGSM_0.003.png,0.9905463,0.99749327,48.181496,0.9158024,0.99975157,0.9984372,0.0018077884,0.0019336813,0.9945087,0.12232646
2011_002147_FGSM_0.03.png,0.68061185,0.8973357,30.177704,0.3212707,0.9837371,0.93497187,0.07282689,0.07260024,0.8248853,0.32862145
2011_002241_FGSM_0.07.png,0.35894242,0.7253437,23.404327,0.18623832,0.9254965,0.8192719,0.20203008,0.19074531,0.58555585,0.47263855
2011_002252_FGSM_0.07.png,0.39999595,0.7614274,23.22078,0.22159241,0.9390577,0.84009,0.19128539,0.18205698,0.5999738,0.4613319
2011_002260_FGSM_0.03.png,0.72625715,0.9216073,30.30159,0.413045,0.98557746,0.9535704,0.07483958,0.07502264,0.835731,0.32511735
2011_002265_FGSM_0.5.png,0.018487947,0.19227655,7.4639583,0.012648054,0.6337554,0.34596014,0.29270804,0.27680057,0.21001881,0.7006692
2011_002313_FGSM_0.7.png,0.012982967,0.08741275,5.8641186,0.004726778,0.5418891,0.3273723,0.33104068,0.3199164,0.11110508,0.7497557
2011_002407_FGSM_0.003.png,0.99039906,0.99759334,48.179127,0.9144182,0.99970084,0.9982459,0.0018458634,0.0019343378,0.9947261,0.122903556
2011_002457_FGSM_0.3.png,0.13395923,0.47931662,11.53788,0.056273334,0.7447968,0.57015634,0.3195911,0.3052993,0.23099306,0.66189843
2011_002461_FGSM_0.07.png,0.23226054,0.5733649,23.076427,0.061150294,0.8967486,0.67215633,0.21593732,0.20360924,0.42708433,0.50198066
2011_002514_FGSM_0.5.png,0.027680194,0.19492072,7.838436,0.013673754,0.5793327,0.35328993,0.3287774,0.31934348,0.11755326,0.7461002
2011_002531_FGSM_0.003.png,0.9914474,0.99765664,48.19,0.9241142,0.9997441,0.9988213,0.0019977908,0.0020512566,0.99510735,0.12518951
2011_002560_FGSM_0.3.png,0.10644097,0.45292875,11.334516,0.053573787,0.72967815,0.5145207,0.3300213,0.31127986,0.24589604,0.69061023
2011_002590_FGSM_0.3.png,0.09903947,0.37083074,12.1881,0.04310139,0.7618728,0.5584935,0.2949775,0.2824885,0.27601063,0.63113916
2011_002594_FGSM_0.07.png,0.37964955,0.7338808,23.208712,0.19833691,0.9354417,0.820674,0.18092714,0.17469728,0.5692984,0.44988418
2011_002601_FGSM_0.5.png,0.016313234,0.12971614,7.923541,0.009432719,0.6129822,0.32200706,0.2928666,0.29128522,0.12635164,0.73626417
2011_002687_FGSM_0.01.png,0.9609215,0.9916813,38.65539,0.7805745,0.9981901,0.9930243,0.0102239065,0.011394171,0.9685857,0.18554232
2011_002697_FGSM_0.01.png,0.9363296,0.985765,38.694603,0.7293595,0.99736476,0.99206483,0.012802391,0.014096671,0.96880877,0.19933298
2011_002699_FGSM_0.05.png,0.49174294,0.8030415,25.931437,0.23659626,0.95982045,0.8869766,0.1262908,0.12362059,0.6644553,0.38888827
2011_002717_FGSM_0.03.png,0.7317295,0.9348423,30.131235,0.44476873,0.9875735,0.95995235,0.056449972,0.059906866,0.85176975,0.29782844
2011_002723_FGSM_0.07.png,0.33910826,0.73447627,23.23003,0.18368015,0.934364,0.8150012,0.17997444,0.17167716,0.58400196,0.45525682
2011_002750_FGSM_0.03.png,0.75352526,0.9320132,30.134037,0.46910152,0.9833071,0.9533537,0.06930006,0.070474125,0.841128,0.31681383
2011_002750_FGSM_0.07.png,0.47205243,0.80050135,23.12149,0.25530058,0.9291588,0.8437783,0.18382806,0.17526984,0.5978732,0.4505242
2011_002751_FGSM_0.3.png,0.05812793,0.3309199,11.462973,0.031018145,0.7133592,0.48344362,0.3073284,0.29535666,0.19568306,0.68193704
2011_002752_FGSM_0.5.png,0.019303843,0.12488564,7.0471935,0.008344746,0.49093378,0.21822093,0.29738703,0.30069357,0.071798556,0.72916514
2011_002756_FGSM_0.3.png,0.026981847,0.17976902,10.730105,0.011657074,0.6007645,0.31297967,0.2948177,0.29381543,0.12751736,0.7390496
2011_002808_FGSM_0.03.png,0.7135401,0.9196258,30.16777,0.4039805,0.98514473,0.95212597,0.07141555,0.07218011,0.8214297,0.32150802
2011_002810_FGSM_0.003.png,0.99434835,0.998807,48.220844,0.9525003,0.9997787,0.9992291,0.0014710159,0.0016024472,0.99623746,0.11236121
2011_002887_FGSM_0.03.png,0.7250703,0.9171596,30.155916,0.38391712,0.9832664,0.94049156,0.070002325,0.071189314,0.81139904,0.32290286
2011_002913_FGSM_0.003.png,0.99375194,0.99878615,48.195724,0.949822,0.9997582,0.9992732,0.0014247228,0.0015806281,0.9963029,0.11088258
2011_002938_FGSM_0.7.png,0.011740025,0.118773855,5.85497,0.008799268,0.64451987,0.42213866,0.3153505,0.30306822,0.22268862,0.7158396
2011_002942_FGSM_0.01.png,0.9282345,0.9814351,38.669044,0.68784505,0.9973163,0.98948324,0.018566322,0.018594202,0.9558834,0.22285908
2011_002947_FGSM_0.07.png,0.3276411,0.72111917,23.107891,0.15495062,0.9269705,0.7937264,0.1996939,0.18775104,0.54377615,0.47521335
2011_002985_FGSM_0.01.png,0.942301,0.9878693,38.714558,0.733782,0.9981253,0.9922612,0.011457438,0.012446559,0.97245896,0.19391364
2011_002992_FGSM_0.05.png,0.47056055,0.8036814,26.031158,0.24706219,0.9487238,0.84607327,0.17530517,0.16477127,0.62235016,0.45238107
2011_002996_FGSM_0.5.png,0.027790891,0.22979248,8.251897,0.0183132,0.5998792,0.38466743,0.32209703,0.31008595,0.17852902,0.73824155
2011_003002_FGSM_0.1.png,0.27882245,0.6577093,20.316975,0.12997691,0.89019364,0.7475451,0.23285237,0.21971194,0.48863342,0.50538653
2011_003011_FGSM_0.1.png,0.17936884,0.5694236,20.140148,0.07653396,0.8684174,0.6689583,0.24769141,0.23309131,0.4027083,0.53010726
2011_003030_FGSM_0.1.png,0.27257243,0.5691297,20.279028,0.10803461,0.8723336,0.71500844,0.24917148,0.23507184,0.3753026,0.534129
2011_003034_FGSM_0.01.png,0.92699796,0.98141885,38.64909,0.68060726,0.9970496,0.98801243,0.016979886,0.017459443,0.9597681,0.2169301
2011_003039_FGSM_0.05.png,0.47999367,0.82498175,26.196278,0.23716077,0.96786827,0.87204945,0.13818927,0.13378234,0.66478086,0.40627414
2011_003074_FGSM_0.07.png,0.4643542,0.8126723,23.755726,0.2701508,0.94774663,0.89588857,0.17780358,0.16955708,0.64752007,0.44946656
2011_003079_FGSM_0.1.png,0.17666946,0.50302976,20.203415,0.06508974,0.8766501,0.62282306,0.25508633,0.241811,0.382939,0.5402371
2011_003111_FGSM_0.07.png,0.24097414,0.5657056,23.092522,0.07476423,0.8914172,0.63736916,0.23536856,0.223423,0.39498857,0.52531147
2011_003121_FGSM_0.05.png,0.57544786,0.85040814,25.915035,0.3211402,0.9645886,0.89733243,0.12059686,0.12046429,0.69163424,0.37956238
2011_003169_FGSM_0.1.png,0.40515423,0.7004242,20.098257,0.19041601,0.9185119,0.83562094,0.1940209,0.18840435,0.50736916,0.4688309
2011_003176_FGSM_0.05.png,0.47100374,0.7612613,25.997896,0.23714973,0.9647987,0.8549442,0.16874354,0.16020308,0.58544886,0.44140762
2011_003183_FGSM_0.3.png,0.05691285,0.30241582,10.9790535,0.025152905,0.6726576,0.41379765,0.3249229,0.3138728,0.17708804,0.7248911
2011_003194_FGSM_0.03.png,0.67611045,0.9060263,30.305346,0.420732,0.9807306,0.9350267,0.08867484,0.08658381,0.8083196,0.35064793
2011_003197_FGSM_0.05.png,0.7110378,0.9243891,26.055927,0.43373,0.9769797,0.94190454,0.11236754,0.110705085,0.75917697,0.36712843
2011_003201_FGSM_0.05.png,0.5227895,0.8289191,25.910927,0.265209,0.9583476,0.87177974,0.13824531,0.13319708,0.6688803,0.40713516
2011_003205_FGSM_0.5.png,0.04311818,0.23913555,8.111295,0.01850847,0.62735105,0.4090669,0.31702018,0.30980065,0.19211714,0.72600114
2011_003207_FGSM_0.03.png,0.7057676,0.9355705,30.634344,0.46166328,0.988757,0.96211374,0.051786743,0.054424904,0.86666155,0.2926777
2011_003253_FGSM_0.03.png,0.76835537,0.91490054,30.18751,0.42017984,0.9823258,0.9499299,0.06978985,0.069047436,0.8144607,0.3185045
2011_003254_FGSM_0.01.png,0.943775,0.98684025,38.66534,0.73887813,0.9977211,0.9921031,0.013811672,0.014610467,0.9685694,0.20078819
2011_003271_FGSM_0.3.png,0.11644983,0.3896512,11.804086,0.046634495,0.71729904,0.49376974,0.34207976,0.3298231,0.1815192,0.714892
2011_003275_FGSM_0.05.png,0.40261403,0.6993182,26.02708,0.15769854,0.94164217,0.68953174,0.19949211,0.18739894,0.5306052,0.48603866
2011_004147_FGSM_0.07.png,0.46781436,0.820409,23.243774,0.27195874,0.9541398,0.89768857,0.16256271,0.15819885,0.607917,0.42747837
2011_004969_FGSM_0.01.png,0.9251058,0.9835291,38.735596,0.6807445,0.9976503,0.99043065,0.014954577,0.015541984,0.96383435,0.20812578
2011_006099_FGSM_0.01.png,0.9607493,0.9910571,38.649803,0.7754344,0.9985194,0.9951807,0.009654759,0.010863781,0.9738444,0.18107134
2011_006650_FGSM_0.03.png,0.5792163,0.83995444,30.124352,0.16120423,0.9746324,0.8806338,0.094612926,0.092952766,0.745596,0.36477113
2011_006936_FGSM_0.03.png,0.88288337,0.9669849,30.33574,0.57572097,0.9883465,0.97858566,0.056684196,0.057114866,0.8527982,0.2874873
2011_007061_FGSM_0.5.png,0.046624195,0.23469217,7.7780905,0.016348246,0.64951104,0.42442724,0.34039652,0.32767367,0.13989335,0.73766357
2011_007124_FGSM_0.7.png,0.057097275,0.27058244,6.0215826,0.02228845,0.7085899,0.5522073,0.3338048,0.31346148,0.15510611,0.69061977
2012_000291_FGSM_0.05.png,0.51322013,0.83654547,25.994598,0.29329684,0.96663487,0.9004213,0.123436354,0.1223285,0.6968028,0.38773432
2012_000553_FGSM_0.01.png,0.9497289,0.99050593,38.673233,0.7746526,0.99780715,0.9929891,0.011171088,0.012539377,0.97227556,0.19071405
2012_000892_FGSM_0.5.png,0.023959616,0.1876152,8.28271,0.013047894,0.5977338,0.36171535,0.3150375,0.30414104,0.13900441,0.73656505
2012_001124_FGSM_0.03.png,0.72443336,0.9297624,30.282349,0.42856503,0.98685765,0.95333964,0.06089936,0.064111434,0.839465,0.30603248
2012_001398_FGSM_0.05.png,0.5841954,0.8606251,25.936195,0.33842424,0.96812916,0.925677,0.10892542,0.109030984,0.7241954,0.36851138
2012_001407_FGSM_0.01.png,0.9718606,0.99502134,38.645702,0.8126184,0.99857104,0.9954859,0.007668651,0.009109901,0.9731849,0.16934416
2012_001408_FGSM_0.05.png,0.38866213,0.71966654,25.90574,0.1463313,0.9360287,0.7559382,0.17687643,0.16760583,0.5696759,0.457107
2012_001680_FGSM_0.01.png,0.93327856,0.97903925,38.65046,0.6684647,0.9976936,0.989888,0.0154936975,0.016011918,0.96152353,0.21227166
2012_001771_FGSM_0.01.png,0.941515,0.9871542,38.6538,0.7669936,0.9975917,0.99378127,0.010918833,0.012062264,0.97108394,0.1886538
2012_001825_FGSM_0.03.png,0.7226873,0.919178,30.133587,0.41938636,0.9835404,0.95152104,0.07316326,0.072477944,0.8222786,0.32279783
2012_001882_FGSM_0.003.png,0.9957769,0.99888927,48.231667,0.95710135,0.9998054,0.9993638,0.0015269013,0.0015841643,0.99540204,0.112444416
2012_001967_FGSM_0.1.png,0.34619096,0.7105065,20.116262,0.17446761,0.9057686,0.79254526,0.22599864,0.21523803,0.4800587,0.49962685
2012_002068_FGSM_0.7.png,0.013256688,0.063444,5.8006964,0.004100265,0.61117655,0.3880837,0.3209771,0.31255278,0.14677349,0.73233193
2012_002112_FGSM_0.003.png,0.9958472,0.99915487,48.191765,0.9581643,0.99981433,0.9993907,0.0010068716,0.0012024598,0.99613506,0.10093594
2012_002184_FGSM_0.7.png,0.012004371,0.0978506,5.881774,0.005487642,0.60940903,0.36063543,0.32765695,0.31633323,0.1551158,0.7405795
2012_002471_FGSM_0.5.png,0.03317763,0.19784199,8.18937,0.015644258,0.58623177,0.3392891,0.3315484,0.32438898,0.10609446,0.74731445
2012_002878_FGSM_0.3.png,0.043206573,0.27159384,11.618176,0.0247446,0.62204206,0.35357296,0.30153206,0.29929137,0.15976806,0.7285565
2012_002911_FGSM_0.7.png,0.0127656935,0.10161662,5.8618355,0.0054994356,0.6236161,0.38650703,0.32145676,0.30886066,0.13698977,0.7280762
2012_003160_FGSM_0.07.png,0.49552688,0.8339779,23.212578,0.2921944,0.9443941,0.8694063,0.16352168,0.15868016,0.620531,0.42463467
2012_003173_FGSM_0.5.png,0.021425033,0.18042493,7.48705,0.0129799135,0.6171896,0.3839582,0.32462043,0.30985916,0.14244887,0.7348548
2012_003372_FGSM_0.003.png,0.9950058,0.9991146,48.21801,0.95766234,0.9998023,0.99938506,0.0010879432,0.0012958294,0.9966586,0.10365402
2012_003386_FGSM_0.003.png,0.9920738,0.9981577,48.183105,0.9287076,0.99971294,0.99890846,0.0018833554,0.001960042,0.9952767,0.12197409
2012_003508_FGSM_0.05.png,0.545741,0.85285234,25.995234,0.28364748,0.9664769,0.90331507,0.10753919,0.10769243,0.71721464,0.36662984
2012_003628_FGSM_0.7.png,0.007497838,0.069019645,5.993982,0.0039358987,0.4868728,0.24724375,0.30629328,0.30413783,0.07176135,0.73827094
2012_003701_FGSM_0.03.png,0.7236398,0.92152864,30.41121,0.41774595,0.9852003,0.95499974,0.06529559,0.06721084,0.8491603,0.3145264
2012_003731_FGSM_0.03.png,0.71863097,0.910572,30.2029,0.39935324,0.98524666,0.9525203,0.06912538,0.06980732,0.83027065,0.3187197
2012_003793_FGSM_0.07.png,0.47082543,0.81753474,23.105108,0.24138674,0.94813955,0.8572593,0.16203992,0.15731303,0.5872678,0.42907977
2012_003969_FGSM_0.07.png,0.33183348,0.67204887,23.225965,0.14831021,0.9061677,0.7688868,0.22678868,0.21406405,0.490292,0.5028412
2012_003983_FGSM_0.03.png,0.6305246,0.88452274,30.165936,0.32931805,0.9767572,0.9099511,0.09209671,0.09036764,0.80033076,0.35861695
2012_004015_FGSM_0.1.png,0.20011838,0.5523867,20.059757,0.092545874,0.8778645,0.6988679,0.27910835,0.26327315,0.37308758,0.58512163
2012_004051_FGSM_0.5.png,0.057321623,0.2905154,8.001714,0.026188591,0.67637897,0.4445545,0.33983997,0.3254568,0.17520432,0.72788584
2012_004064_FGSM_0.7.png,0.008722342,0.058082536,5.820257,0.004060793,0.57020426,0.3186339,0.30273086,0.29867393,0.122493654,0.7418829
2012_004067_FGSM_0.07.png,0.39643362,0.76443285,23.201143,0.20174631,0.9455578,0.85061336,0.16327403,0.15854596,0.59425795,0.42959863
2012_004088_FGSM_0.03.png,0.73133737,0.92551535,30.181664,0.44513535,0.98490405,0.95149165,0.07031271,0.07127185,0.82717043,0.31896964
2012_004102_FGSM_0.07.png,0.4379674,0.7313263,23.241045,0.19599642,0.9394763,0.83095956,0.1953929,0.18566024,0.56561416,0.46782207
2012_004115_FGSM_0.5.png,0.03767278,0.26555273,8.071598,0.022480154,0.68821275,0.50430834,0.31753826,0.30435652,0.22676046,0.6850594
