file,ssim,ms_ssim,psnr,vif_p,vsi,fsim,gmsd,ms_gmsd,haarpsi,mdsi,mad
2007_000042_hnmPGD_.png,0.9833630999999999,0.9851589,27.14315,0.9562258,0.99400234,0.9883706,0.055163622,0.056769323,0.9243031999999999,0.26840666,59.15108178015832
2007_000170_hnmPGD_.png,0.9720194,0.96057296,24.149932999999997,0.90724266,0.9910876000000001,0.96465963,0.08897812,0.09738104,0.7394854999999999,0.33034855,82.51865387171372
2007_000250_hnmPGD_.png,0.97489345,0.9696243,25.694103,0.90201575,0.9859114999999999,0.97909796,0.06318344,0.067446575,0.86195254,0.29087716,76.51946488371632
2007_000346_hnmPGD_.png,0.98033446,0.986772,25.8103,0.9487561999999999,0.99222696,0.9818998999999999,0.07227201,0.07517137,0.8384309000000001,0.30275995,68.6056042383284
2007_000549_hnmPGD_.png,0.9890889,0.9808466,28.337404,0.95818394,0.9952866,0.9890013000000001,0.049755387000000005,0.05155272,0.90662205,0.24173538,70.16867301322273
2007_000876_hnmPGD_.png,0.97675437,0.97972,26.66592,0.9376713,0.99436426,0.9864978999999999,0.071752,0.076000966,0.8757216,0.29718658,70.12887302591601
2007_002088_hnmPGD_.png,0.9807536,0.98456585,26.934813000000002,0.9475583000000001,0.9930861999999999,0.98152286,0.05440368,0.059554268,0.8706632,0.2621169,61.67182136080499
2007_002094_hnmPGD_.png,0.9736928,0.96961546,24.299460999999997,0.8879792,0.97073936,0.97780395,0.08850206,0.09309928,0.76649666,0.33841887,83.83957699269762
2007_002099_hnmPGD_.png,0.9871029,0.9859261,29.447258,0.9483607,0.9983119,0.9905603000000001,0.04369329,0.04765987,0.9246413,0.23539151,58.579992452066854
2007_002293_hnmPGD_.png,0.98273534,0.98367995,26.424456,0.949326,0.99108666,0.9861309000000001,0.06354921,0.06759811,0.88951975,0.2814717,65.73956837066697
2007_002344_hnmPGD_.png,0.9753306,0.9786326,26.404526,0.93633497,0.99497634,0.983092,0.07198413,0.0778703,0.8730076999999999,0.29627728,66.3693809281416
2007_002400_hnmPGD_.png,0.9814603000000001,0.974125,26.826756,0.9507439,0.9861331,0.9809975000000001,0.06200581,0.06823557599999999,0.8749462,0.27806798,68.0865517673888
2007_002597_hnmPGD_.png,0.9773354,0.9734824000000001,25.852867,0.9395798000000001,0.9922564,0.984627,0.07499404,0.08055181,0.8924572000000001,0.30428082,79.4807256249555
2007_002824_hnmPGD_.png,0.9766676,0.9543396999999999,24.943716000000002,0.90475523,0.9897491,0.9647253,0.10707441,0.11356504,0.6292412,0.35950196,92.76619952593681
2007_002852_hnmPGD_.png,0.97489166,0.9771755999999999,25.648922,0.94526714,0.99099743,0.98571247,0.07193365,0.07700187,0.88833904,0.30137593,68.45769241540052
2007_002953_hnmPGD_.png,0.9794006,0.97516143,24.826181,0.9428936,0.9962886999999999,0.98378706,0.064453974,0.071645975,0.87649584,0.28793943,72.99392348616156
2007_003118_hnmPGD_.png,0.9777224,0.9847579,26.692028000000004,0.9506522,0.99467945,0.9877054,0.06921102,0.072797,0.8950875,0.3002141,70.8667537633463
2007_003137_hnmPGD_.png,0.98802793,0.9891191999999999,28.67812,0.9708791999999999,0.9948866,0.9908703000000001,0.057691942999999996,0.06085118,0.9273101,0.26682696,56.625334269666624
2007_003191_hnmPGD_.png,0.97349775,0.9756700999999999,24.94986,0.9303093000000001,0.99070656,0.98573357,0.07180671400000001,0.07726453,0.8537886,0.30500492,77.80833419062573
2007_003251_hnmPGD_.png,0.9882451999999999,0.9805064,27.383701000000002,0.9741946,0.99665725,0.9927848,0.044840384000000004,0.04666852,0.9520360000000001,0.24532127,62.072417616379916
2007_003349_hnmPGD_.png,0.97322273,0.9738561,24.855349,0.94463897,0.9890921999999999,0.97930115,0.089822836,0.09317784,0.85045946,0.33012664,75.54266368939746
2007_003431_hnmPGD_.png,0.98471975,0.99032086,26.49473,0.96014,0.99756795,0.984447,0.057732817,0.06159939,0.89172804,0.27826804,63.181493623053306
2007_003580_hnmPGD_.png,0.98060846,0.98751974,26.100327,0.9512613000000001,0.9958435999999999,0.9840398000000001,0.07859055,0.08238771,0.8341883,0.3179401,59.426185991903694
2007_003715_hnmPGD_.png,0.9772301999999999,0.98866767,25.908747,0.94362354,0.9960011999999999,0.9807331,0.072044104,0.07413784,0.8502523000000001,0.30697933,54.078750520032
2007_004065_hnmPGD_.png,0.9891831,0.9944706,28.912922,0.9730190999999999,0.998116,0.9915016,0.039821275,0.042478796,0.9441139000000001,0.23204026,41.350337575172134
2007_004092_hnmPGD_.png,0.9829503,0.9839114999999999,27.423171999999997,0.9466085999999999,0.9963888000000001,0.98789567,0.0649986,0.068094425,0.8962201,0.285156,61.39790873902977
2007_004707_hnmPGD_.png,0.98189634,0.9852127,26.161495000000002,0.95982647,0.99687725,0.9888041,0.04652985,0.051388297,0.9247728000000001,0.25923505,55.85822075901714
2007_004856_hnmPGD_.png,0.9768753000000001,0.9746198,26.112597,0.9401904000000001,0.98974586,0.9842723,0.06857139599999999,0.071121596,0.8813145,0.29754105,73.9432300914297
2007_004948_hnmPGD_.png,0.98448366,0.98768747,28.374803999999997,0.95736444,0.99556667,0.9911108000000001,0.042246717999999996,0.04513414,0.93825334,0.23837756,53.950628131303716
2007_005264_hnmPGD_.png,0.9828788,0.9792209999999999,27.110459999999996,0.9423210999999999,0.9958646000000001,0.98550016,0.052555747,0.05580529,0.9101981,0.2645208,67.05089302022489
2007_005368_hnmPGD_.png,0.97704905,0.9798164,26.174753,0.9492103000000001,0.9954103000000001,0.9864788000000001,0.06510651,0.06771956400000001,0.92105436,0.2965012,69.34233215355974
2007_005688_hnmPGD_.png,0.9774572,0.97926825,25.766315,0.94542277,0.9949314,0.9854149999999999,0.07097797,0.07474267,0.8998037,0.30173624,75.69864520069524
2007_005844_hnmPGD_.png,0.9860244,0.9871354999999999,28.255928000000004,0.9517741,0.99383414,0.99236476,0.04040916,0.042868707,0.9489135000000001,0.23798577,49.8010348115444
2007_006117_hnmPGD_.png,0.9830319,0.98151463,26.184185,0.9554993,0.9950790999999999,0.9843788,0.06948646,0.07268055,0.8742423,0.29748768,70.2221155580943
2007_006560_hnmPGD_.png,0.97816837,0.9736196,24.831934,0.93120664,0.9925165000000001,0.9787261999999999,0.08594543,0.091248795,0.77699834,0.33536005,83.60579874597852
2007_006704_hnmPGD_.png,0.97635055,0.9820258,24.06126,0.92893726,0.9921860999999998,0.9736710999999999,0.09226682,0.097043626,0.7900658,0.3382839,67.41941983967291
2007_006865_hnmPGD_.png,0.98361087,0.9846868000000001,29.022081,0.93714005,0.9952046,0.991067,0.05912578,0.060724355,0.9004603000000001,0.26983634,57.82859774622079
2007_006946_hnmPGD_.png,0.97802186,0.97464657,24.206343,0.9222284,0.97888374,0.98250234,0.08144837,0.08449438,0.81416446,0.32065229999999995,78.01308604677557
2007_007080_hnmPGD_.png,0.97239894,0.9521707,23.881508,0.9078478000000001,0.98990744,0.9698363000000001,0.10527999,0.111072354,0.7472544,0.35924125,77.9146220597891
2007_007168_hnmPGD_.png,0.9842030999999999,0.96966326,25.78738,0.95890325,0.99481755,0.97919214,0.06278249,0.06704500000000001,0.8599902,0.2856913,70.69189812051876
2007_007481_hnmPGD_.png,0.98427176,0.9832110000000001,27.764843,0.94228876,0.9964027,0.98426217,0.06732873,0.07128913,0.85636497,0.28819072,69.41947963678471
2007_007908_hnmPGD_.png,0.9806014999999999,0.9646351000000001,24.454468,0.94961774,0.9921393000000001,0.97682965,0.08241605,0.08335535,0.83204085,0.3225917,80.74407061837074
2007_007955_hnmPGD_.png,0.99163806,0.99437183,31.289007,0.9685973,0.99877214,0.9946958,0.035343203999999996,0.038710497,0.96102226,0.21709257,51.12853473220606
2007_008430_hnmPGD_.png,0.97897136,0.9872071,26.395473,0.9438796,0.9972916999999999,0.9851148999999999,0.05918855,0.06443666,0.8812701999999999,0.27974585,61.0109779837413
2007_008714_hnmPGD_.png,0.9803395,0.977455,27.200031,0.8533272,0.9860051999999999,0.97814274,0.0598563,0.06344925,0.84152323,0.28430720000000004,73.75412613318248
2007_008764_hnmPGD_.png,0.98216116,0.98274416,26.318465999999997,0.9250146,0.99019116,0.9868370999999999,0.057278614000000005,0.059894512999999996,0.9028983,0.26621544,66.62294882468393
2007_008944_hnmPGD_.png,0.9833197,0.9871351999999999,27.449368,0.96061075,0.9963880999999999,0.98725533,0.052663117999999995,0.055503078,0.9069004,0.26696345,53.57041234809878
2007_008948_hnmPGD_.png,0.98163384,0.9701337999999999,26.637024,0.93131554,0.9926613999999999,0.9810901,0.079998605,0.08404892,0.84050983,0.3153434,75.72039106655575
2007_009446_hnmPGD_.png,0.9848603000000001,0.9817573,26.692646000000003,0.94597757,0.9964215,0.98829377,0.053930108,0.057591267,0.89710724,0.26728058,62.69354924205074
2007_009654_hnmPGD_.png,0.9770616,0.9717078000000001,24.384863,0.9166767,0.9927829,0.9664351000000001,0.08388179,0.085692525,0.75285196,0.32776088,83.76370804314169
2007_009709_hnmPGD_.png,0.98524636,0.97787523,26.15916,0.9571426,0.99587184,0.9842755999999999,0.07373006,0.07898685,0.85750294,0.30265298,68.70756521725056
2008_000016_hnmPGD_.png,0.9895983,0.9944347,28.883096999999996,0.97582823,0.99868774,0.98883766,0.053307257999999996,0.053954035,0.9190975,0.25956857,47.56944614079781
2008_000318_hnmPGD_.png,0.9861187,0.9820629999999999,28.324688000000002,0.9536222,0.9951116,0.9884221,0.050427765,0.05502369,0.92765427,0.2556863,60.563396753620076
2008_000348_hnmPGD_.png,0.97748363,0.9786636000000001,25.46631,0.9450376,0.99504864,0.9884678,0.05706151,0.06103216,0.91821015,0.2813009,64.74835424613448
2008_000359_hnmPGD_.png,0.98723614,0.98994076,28.848703000000004,0.9577568999999999,0.9957787,0.9907138000000001,0.047297716,0.047929782000000004,0.93743473,0.24780120000000003,51.893147016537775
2008_000382_hnmPGD_.png,0.9716326999999999,0.96475124,25.39827,0.92332494,0.9854514000000001,0.977986,0.08929361400000001,0.09480824,0.83097935,0.33352476,81.81538420018018
2008_000397_hnmPGD_.png,0.9741189,0.9658661000000001,24.056759,0.9167056,0.98820794,0.9743930000000001,0.08236906,0.08851044,0.8047196999999999,0.32223538,80.28854153979474
2008_000491_hnmPGD_.png,0.97981924,0.96123594,25.986670999999998,0.9333453000000002,0.9893850000000001,0.98060566,0.091921456,0.09618529,0.8243751,0.3346639,89.70785697796096
2008_000532_hnmPGD_.png,0.98100126,0.98734295,27.355634999999996,0.96119016,0.9965499,0.9916911,0.05450975,0.05770769,0.9490006999999999,0.27106840000000004,49.72716851616089
2008_000533_hnmPGD_.png,0.9756851000000001,0.9828684000000001,25.192326,0.9179976000000001,0.99263954,0.9846355,0.05381525,0.057534642999999996,0.9192681,0.28077440000000004,65.87909371452295
2008_000536_hnmPGD_.png,0.9864764000000001,0.9860905999999999,29.132953999999998,0.96385413,0.99686074,0.9857568999999999,0.06974208,0.07279767,0.87244976,0.29024163,59.6978883184761
2008_000552_hnmPGD_.png,0.9877523000000001,0.9905940000000001,27.07285,0.97266084,0.99578446,0.9878222,0.046148485999999996,0.04988627,0.92138195,0.25267905,58.03073416269542
2008_000559_hnmPGD_.png,0.9826419,0.9789319,28.164606,0.9462608,0.9909611999999999,0.9896235000000001,0.04586317400000001,0.05141054,0.91799104,0.24262963,72.99399162729001
2008_000703_hnmPGD_.png,0.9845295000000001,0.9833994,28.170748,0.9593891,0.9926707,0.98784953,0.06030234,0.060634222,0.9006468000000001,0.28363368,59.92184271326734
2008_000793_hnmPGD_.png,0.9773388000000001,0.97848773,25.850317,0.92313516,0.9934258,0.9804773999999999,0.06734242,0.07285024,0.82928747,0.2914716,77.33401787640645
2008_000796_hnmPGD_.png,0.9723736999999999,0.9636197,23.680971,0.9120539000000001,0.98423237,0.96468085,0.10604302,0.11193731400000001,0.65876186,0.3599837,96.82773323057377
2008_000839_hnmPGD_.png,0.9814143,0.99129647,25.257442,0.9692076999999999,0.9975058000000001,0.98583823,0.064657725,0.068673186,0.89627355,0.29881302,55.39760292656621
2008_000857_hnmPGD_.png,0.97807264,0.9809625,26.54105,0.9542809000000001,0.99370986,0.98990566,0.053045984000000004,0.056369692,0.93442386,0.26810473,60.11277601172672
2008_000911_hnmPGD_.png,0.9756469999999999,0.9750873,25.737514,0.9245088,0.9937928,0.98200476,0.061989643,0.06647915,0.8583789000000001,0.28430894,73.31380582933207
2008_000924_hnmPGD_.png,0.9782618000000001,0.9759156999999999,25.388664000000002,0.94613826,0.99490494,0.98051924,0.08591059599999999,0.08909791,0.83300793,0.32699034,74.29498666746527
2008_000939_hnmPGD_.png,0.97591543,0.97470987,24.710217,0.9318654000000001,0.9916709,0.9742254000000001,0.07736548,0.07923405,0.8121653,0.31041893,80.92824303284556
2008_001020_hnmPGD_.png,0.98698986,0.9871655999999999,28.797455,0.9583789,0.9972411,0.9922735999999999,0.047211695,0.05084288,0.9356091000000001,0.25367117,57.55502076209026
2008_001036_hnmPGD_.png,0.9815295,0.97398984,25.752365,0.9357963,0.994042,0.9873665,0.06715572,0.07133389999999999,0.87401545,0.29141673,71.41316407346575
2008_001054_hnmPGD_.png,0.98331225,0.9879589,27.147106,0.9652175,0.9960624,0.9916969000000001,0.04440679,0.048253432,0.9296628,0.25056678,52.65349195513715
2008_001077_hnmPGD_.png,0.9868118,0.98004246,27.925240999999996,0.95717347,0.9960114,0.98712766,0.053449314000000005,0.056884542,0.9210259,0.26031944,69.56060838338685
2008_001389_hnmPGD_.png,0.97541046,0.9749365,25.417301000000002,0.8895844999999999,0.9914722,0.9786904000000001,0.06704383,0.07149386,0.8369495000000001,0.29963797,73.33251612120628
2008_001405_hnmPGD_.png,0.98268765,0.98391306,27.450687,0.96767914,0.9973835999999999,0.9913448,0.047074627,0.051357724,0.9497452,0.25361332,62.6006100269828
2008_001428_hnmPGD_.png,0.99344015,0.9919984000000001,33.213596,0.9739825999999999,0.99840426,0.9952564,0.031388685,0.031909123,0.9690231,0.20055069,50.41971173961604
2008_001429_hnmPGD_.png,0.9800493,0.97796434,26.710490999999998,0.9562632999999999,0.9964601000000001,0.98588765,0.06782784,0.071903005,0.9136574000000001,0.28961244,77.8236241739268
2008_001430_hnmPGD_.png,0.9842371999999999,0.9741192,27.774865999999996,0.95803875,0.99029815,0.9888372999999999,0.06216984,0.063824646,0.9168127,0.2778502,69.99130305734886
2008_001460_hnmPGD_.png,0.9808197,0.98188734,25.41314,0.9494193999999999,0.995526,0.9895243,0.057523396,0.060819946,0.89898354,0.2721249,66.91022905049265
2008_001479_hnmPGD_.png,0.98915905,0.98570347,29.683740000000004,0.9620754000000001,0.9967341999999999,0.9920734,0.049351915999999996,0.053301338,0.9288898999999999,0.25004315,60.174173959684765
2008_001503_hnmPGD_.png,0.9788884,0.98766005,25.92623,0.94773567,0.99619555,0.9859129999999999,0.061284177,0.06477599,0.84867716,0.28707454,54.19154208951766
2008_001516_hnmPGD_.png,0.9792595,0.9818803,25.739653,0.9224197000000001,0.9911721,0.9818448000000001,0.053662207,0.057210594000000004,0.84819436,0.27552086,64.62323703007759
2008_001523_hnmPGD_.png,0.9781351999999999,0.98305225,25.70016,0.9274129999999999,0.98445714,0.97333527,0.063411005,0.06701016,0.8267123,0.28815445,68.21363156619248
2008_001622_hnmPGD_.png,0.9886379000000001,0.98163664,28.74165,0.96059775,0.9933816999999999,0.98879015,0.06743795400000001,0.069925,0.90326935,0.28443176,61.72169629125062
2008_001626_hnmPGD_.png,0.9904331000000001,0.99352264,31.225448999999998,0.9741839,0.9970186,0.9932030999999999,0.04311833,0.043365527,0.9616879999999999,0.23115051,47.63033570265678
2008_001641_hnmPGD_.png,0.9853462,0.9844761999999999,28.276186,0.94317013,0.9961306000000001,0.9887534,0.054487165,0.057974267999999995,0.90138924,0.26407877,61.564747573895325
2008_001679_hnmPGD_.png,0.97937196,0.9811276,27.004271999999997,0.94469434,0.9928796,0.99061465,0.07005127,0.07319566,0.90368915,0.29620996,68.73306162271425
2008_001691_hnmPGD_.png,0.9855039000000001,0.9814146999999999,28.564217,0.94999224,0.99036974,0.97973555,0.07215739,0.075705156,0.8764113000000001,0.29644006,65.11510631005393
2008_001694_hnmPGD_.png,0.9794610999999999,0.96921444,25.708958,0.937333,0.9931591999999999,0.97065616,0.085367,0.09076276,0.8025889,0.32275894,80.75308499236246
2008_001702_hnmPGD_.png,0.9802124,0.96935266,24.348554999999998,0.9310731,0.99283004,0.9740075999999999,0.093708545,0.10073888,0.7074604999999999,0.34170565,67.60449359077919
2008_001717_hnmPGD_.png,0.97872657,0.9720901,26.49176,0.9455610000000001,0.9937174999999999,0.9834679000000001,0.057789568,0.06332734,0.90363306,0.2774021,69.94820482421767
2008_001723_hnmPGD_.png,0.97382736,0.95526785,23.791725,0.9229736999999999,0.9869481999999999,0.97340286,0.08435658,0.08987772,0.7948564,0.32363284,88.93146095318323
2008_001744_hnmPGD_.png,0.99347824,0.99639106,31.732236999999998,0.9798413,0.9981652,0.995764,0.034006607,0.034425575,0.9661841,0.20133364,44.45579304339413
2008_001746_hnmPGD_.png,0.9878882,0.99223554,27.864143,0.9732152000000001,0.9970464,0.9918059000000001,0.04084797,0.04458676,0.94819117,0.23260355,52.57960552727052
2008_001770_hnmPGD_.png,0.98617685,0.9870245000000001,29.174078,0.9322379000000001,0.9949412000000001,0.9920120000000001,0.049750354000000004,0.05164058,0.90902215,0.2546425,58.559808723138225
2008_001783_hnmPGD_.png,0.98480356,0.9781546,27.266937,0.95416665,0.9908732,0.9839744,0.058605034,0.061067145,0.8719901,0.27440906,69.83124557623572
2008_001792_hnmPGD_.png,0.98536277,0.9797377,27.663738000000002,0.94484115,0.99536043,0.9867334000000001,0.054736104,0.058678545,0.87728024,0.2649134,71.17904639356622
2008_001805_hnmPGD_.png,0.9847395,0.98448247,26.890232,0.95130235,0.99588794,0.9849110000000001,0.050875697000000004,0.055413662999999995,0.8989147,0.2569154,62.55502296135581
2008_001806_hnmPGD_.png,0.99470985,0.99424744,34.80515,0.980591,0.9983328000000001,0.99675196,0.03074537,0.03140081,0.97907203,0.19345841,48.60542273365209
2008_001808_hnmPGD_.png,0.9838186999999999,0.99351925,26.949608,0.96583116,0.9978271000000001,0.98889774,0.048638772000000004,0.051997602000000004,0.9278177,0.24906608,46.398898946225
2008_001809_hnmPGD_.png,0.97661865,0.96968985,24.883877,0.9239241,0.98046714,0.97553533,0.07050849,0.07380298,0.8286548,0.30303872,78.40512612321311
2008_001810_hnmPGD_.png,0.98824346,0.9902858,28.937510999999997,0.97363573,0.9958514999999999,0.9951725,0.035741697999999995,0.039691955,0.96941054,0.22310106,49.8224998378753
2008_001813_hnmPGD_.png,0.9840002,0.97910565,26.720646000000002,0.9640610000000001,0.9936461,0.9848689,0.057079818,0.061607387,0.9048011999999999,0.27557176,70.92220804014532
2008_001815_hnmPGD_.png,0.98100734,0.9594886,24.461681,0.9612400999999999,0.98767644,0.98078996,0.090216376,0.09379658,0.85460764,0.33664137,83.32644702511251
2008_001820_hnmPGD_.png,0.9839529,0.98395747,27.707024,0.96409446,0.99593306,0.9904978000000001,0.059803292,0.06452869,0.9340833000000001,0.27282995,66.20961024700372
2008_001821_hnmPGD_.png,0.9877826999999999,0.99144936,27.450878000000003,0.9731187,0.9954974,0.98730665,0.06536812,0.06512176,0.9143543,0.2878567,57.91111227138315
2008_001829_hnmPGD_.png,0.9759206,0.97430754,24.470613,0.94022715,0.96891147,0.9620867000000001,0.07915458,0.08330871,0.7937705,0.32173908,73.72979970910457
2008_001832_hnmPGD_.png,0.974216,0.9751396000000001,25.88997,0.9247280000000001,0.9887773999999999,0.97954315,0.07545021,0.07652847,0.8403478999999999,0.30662018,70.74034789054963
2008_001841_hnmPGD_.png,0.9774709999999999,0.9723026,25.22287,0.9285198,0.9938285,0.9781103999999999,0.075034484,0.07994163,0.8249476,0.30842212,82.5268906159141
2008_001850_hnmPGD_.png,0.9777577,0.97859967,25.398975,0.9407889000000002,0.99252623,0.9811934999999999,0.07943617,0.08224882,0.79358166,0.31189334,74.99658807728085
2008_001856_hnmPGD_.png,0.98628175,0.9809808000000001,27.915874,0.94260246,0.9950220999999999,0.9880539,0.058231954,0.059685905,0.89278406,0.27010497,68.06892898379644
2008_001865_hnmPGD_.png,0.9782646,0.9794271999999999,26.497260999999998,0.95434195,0.9961403,0.98878837,0.058113705,0.05986425,0.9279146,0.27696458,62.00758296288495
2008_001866_hnmPGD_.png,0.99128693,0.99017966,28.129146999999996,0.9751214,0.9976246,0.99104583,0.039213102,0.039956912000000004,0.92775923,0.22994304,56.43083152066332
2008_001867_hnmPGD_.png,0.9784214,0.98579204,25.606266,0.96136606,0.9944905999999999,0.9862117,0.07426714,0.07559760000000001,0.90463835,0.31172259999999996,65.06922960701283
2008_001880_hnmPGD_.png,0.98448247,0.9882347,26.77495,0.95223093,0.99643403,0.9870561,0.045403186,0.049908187,0.8673716,0.2513444,59.63717955601774
2008_001896_hnmPGD_.png,0.97889686,0.97983426,25.955914,0.92922854,0.9963062,0.98713285,0.05828628,0.061738193,0.89489186,0.27609637,67.50379849691261
2008_001919_hnmPGD_.png,0.97748965,0.95725524,25.607851,0.92599654,0.9909870999999999,0.9637728000000001,0.103302196,0.110248215,0.7304015,0.35817063,90.96287058182052
2008_001921_hnmPGD_.png,0.9845153,0.99373996,27.284440999999998,0.9427677999999999,0.9963516,0.98097885,0.057131782,0.060823612,0.82237935,0.27199382,58.204384062110165
2008_002117_hnmPGD_.png,0.9744434000000001,0.96692646,24.679937,0.9391449000000001,0.99191165,0.98264116,0.07321828,0.07806116,0.8766903,0.30445573,83.92655394494712
2008_002140_hnmPGD_.png,0.98049325,0.97866666,26.549923,0.94576,0.9901314,0.98483324,0.06838952,0.07087812,0.8844995999999999,0.28826517,69.2143524772455
2008_002389_hnmPGD_.png,0.9902970999999999,0.9811443999999999,30.061153000000004,0.9681314,0.994973,0.9904229999999999,0.049963385,0.05404792,0.8997783000000001,0.24198668,67.71143368723793
2008_002467_hnmPGD_.png,0.983449,0.98251724,27.835296999999997,0.9286665999999999,0.99338245,0.98628473,0.05719111,0.05964909,0.8655507,0.26012367,64.14662342066327
2008_003652_hnmPGD_.png,0.9820017,0.9820849,25.913857999999998,0.9571127,0.99335915,0.9838992,0.057783637,0.06255893,0.8886738999999999,0.27840406,63.82028268171283
2008_004296_hnmPGD_.png,0.98396105,0.9879154,27.886390000000002,0.95147043,0.99511623,0.98960173,0.052737743,0.055491175999999996,0.9098665000000001,0.2557092,58.85507416191557
2008_004570_hnmPGD_.png,0.97802114,0.98154086,24.656814999999998,0.9446131,0.995705,0.9848508,0.06391764,0.07069901,0.8571004999999999,0.28665647,73.13551999083542
2008_004725_hnmPGD_.png,0.9853358,0.98614776,26.212702,0.9594855999999999,0.9929084,0.9873709,0.0634134,0.06520989,0.8833607,0.28250015,69.43912581010277
2008_005853_hnmPGD_.png,0.97347593,0.96089077,24.04539,0.8288537,0.9720992,0.96423024,0.10410426,0.10797233,0.61890626,0.36042365,89.08151880043849
2008_005914_hnmPGD_.png,0.9841358,0.98442525,27.175959999999996,0.9690968000000001,0.9955315,0.9905636,0.047032147999999996,0.05202778,0.9439131,0.25000817,58.06796619176346
2008_006082_hnmPGD_.png,0.9870011999999999,0.9773596999999999,27.816051,0.9534999,0.9962565999999999,0.9863013,0.048539404,0.053836957000000005,0.9018931,0.24330464,69.39205937757644
2008_006207_hnmPGD_.png,0.9819745999999999,0.97491497,25.710796,0.94087636,0.98637456,0.98250574,0.06378947,0.0654545,0.8601532,0.28859913,66.94460839021
2008_006562_hnmPGD_.png,0.9877756999999999,0.989851,27.950153000000004,0.97014815,0.9965854,0.99216825,0.045732922999999995,0.047772235999999996,0.9413919,0.24371356,55.51289964389465
2008_006641_hnmPGD_.png,0.98584884,0.9899648999999999,27.95253,0.95593196,0.9949222,0.98763525,0.053120404,0.054944247,0.92058444,0.2622873,71.6228818512826
2008_006751_hnmPGD_.png,0.96974385,0.9473743,23.827538,0.93430257,0.98554724,0.9612835999999999,0.10422200000000001,0.11148097,0.81393456,0.35646737,87.67939864724771
2008_006764_hnmPGD_.png,0.9845624,0.9819438,27.842104,0.9507351999999999,0.99526376,0.9911878000000001,0.04565283,0.04948928,0.93439275,0.24470659,68.27940369927389
2008_006950_hnmPGD_.png,0.97675407,0.9838015999999999,24.082929999999998,0.93689543,0.9912998,0.9808975000000001,0.061123405,0.06618612,0.8551097,0.29475490000000004,59.07357096915608
2008_006998_hnmPGD_.png,0.9773287,0.9714813,25.814217000000003,0.9387353999999999,0.98989564,0.9836671,0.06959533,0.07533865,0.86653405,0.29355663,79.69450225807643
2008_007042_hnmPGD_.png,0.97357166,0.9789614,25.423729,0.9193962,0.99493325,0.9858249,0.06396728,0.06804867,0.91931087,0.29628286,72.52190112754248
2008_007653_hnmPGD_.png,0.98147786,0.9825455,26.772897999999998,0.9240826999999999,0.9913936,0.98283976,0.05080468,0.053212255,0.85117126,0.26424482,59.55381471442183
2008_007823_hnmPGD_.png,0.98576516,0.97276586,27.776305999999998,0.95191646,0.9932141999999999,0.98308384,0.07247487,0.07841284,0.845383,0.29455993,73.74013849845817
2008_007893_hnmPGD_.png,0.9861271,0.98596907,29.016819,0.9324382999999999,0.99289733,0.9886860999999999,0.05705509,0.057624,0.84709316,0.26613927,62.20626451516163
2008_007909_hnmPGD_.png,0.9848909,0.97627234,27.5066,0.9632978999999999,0.99299747,0.98775953,0.048152614,0.05341949,0.9083812,0.24973457,70.8667082841898
2008_007973_hnmPGD_.png,0.9935274,0.9907357,32.449574,0.9619466,0.9962555000000001,0.9947219,0.042150743,0.04454784,0.93952906,0.22384536,51.15239485154418
2008_008044_hnmPGD_.png,0.9805705,0.9836184000000001,25.52676,0.9380521999999999,0.9945393,0.98071635,0.05691191,0.06122993,0.85305583,0.2737823,65.3707094664074
2008_008120_hnmPGD_.png,0.99261105,0.9966444,30.736582000000002,0.9824679000000001,0.9990863000000001,0.9948495999999999,0.03860369,0.039866413999999996,0.95638335,0.22629656,34.53492340562651
2008_008479_hnmPGD_.png,0.9803574,0.983358,26.203514000000002,0.93944305,0.99349135,0.9842969000000001,0.062078882,0.06438514599999999,0.87886256,0.28682820000000003,67.03152661212052
2008_008570_hnmPGD_.png,0.9869253000000001,0.9871353,27.631977000000003,0.94838953,0.9937689000000001,0.9879646999999999,0.048116647,0.05148916,0.9055885,0.25424993,59.64738627779939
2008_008689_hnmPGD_.png,0.9833462,0.97321427,26.984852000000004,0.9490313,0.9953905999999999,0.98811454,0.05460026,0.06011023,0.9139722,0.2580358,71.60861650376822
2009_000526_hnmPGD_.png,0.9819419,0.9833814000000001,28.213511999999998,0.955317,0.9961950999999999,0.9882426,0.055043507,0.05596385,0.9457671000000001,0.26700547,66.42660230651968
2009_001085_hnmPGD_.png,0.9866251,0.9857316999999999,28.352844,0.9539526,0.9907724,0.98327285,0.054832563,0.057416014,0.9023433000000001,0.264313,67.26770917271595
2009_001975_hnmPGD_.png,0.9773296999999999,0.9748826999999999,27.272728000000004,0.93907416,0.9930952,0.98049533,0.07725759,0.07820435,0.8933605,0.309573,74.02381982716227
2009_003039_hnmPGD_.png,0.98920584,0.9927244000000001,28.795383,0.9686739,0.9979238000000001,0.99411595,0.036348045,0.038869165,0.95280033,0.22822165,36.16702688963903
2009_003074_hnmPGD_.png,0.9827447,0.98529625,26.478610999999997,0.95691025,0.99603045,0.98603714,0.05401361,0.056332152,0.8961710999999999,0.2726156,56.760995076290186
2009_003284_hnmPGD_.png,0.9828684000000001,0.9831704,25.871891,0.94543344,0.99736387,0.98697335,0.049821585,0.05664018,0.8673001,0.26317897,60.062652692167674
2009_003288_hnmPGD_.png,0.9872936999999999,0.98960483,27.939042999999998,0.9603253,0.9970535,0.99007607,0.053337015,0.054920885999999995,0.8948594000000001,0.25899234,60.1830753690149
2009_003345_hnmPGD_.png,0.97885275,0.98067683,26.31809,0.89945906,0.9953688,0.9851339,0.056146003,0.059542767999999996,0.8614976999999999,0.27151862,64.63614222051477
2009_003815_hnmPGD_.png,0.99329627,0.99450415,32.204575,0.9849743000000001,0.9989735999999999,0.9973359,0.0305226,0.033564795,0.97892976,0.19453333,40.20149815687607
2009_003867_hnmPGD_.png,0.97284603,0.9782767,25.392162,0.93786454,0.9926572,0.98014545,0.087078035,0.08990313,0.85933614,0.33291098,75.16826797129669
2009_003929_hnmPGD_.png,0.9859239,0.99267066,28.128176,0.9721062,0.99695855,0.9923476000000001,0.048365977000000004,0.0500634,0.9514488000000001,0.25137714,52.796750118026104
2009_003995_hnmPGD_.png,0.97898406,0.98091733,25.841429,0.9264193000000001,0.9761859,0.98782927,0.05033981,0.053118538,0.89190423,0.2689144,59.274339853459296
2009_004038_hnmPGD_.png,0.9898129999999999,0.98750246,31.668896000000004,0.96041113,0.9983384,0.9921404,0.040448416,0.04384293,0.9434273999999999,0.21929465,60.97594807048546
2009_004263_hnmPGD_.png,0.9794306999999999,0.97056794,25.792786,0.91929376,0.9910774,0.9848674000000001,0.06612717,0.06916560000000001,0.8458943000000001,0.30129892,62.02732877015607
2009_004274_hnmPGD_.png,0.991431,0.9925908000000001,30.643389000000003,0.97165406,0.9979796999999999,0.9945726999999999,0.032969125,0.035372674,0.9678398000000001,0.20451981,45.31675372592502
2009_004319_hnmPGD_.png,0.98048925,0.9782428,25.826475,0.89456403,0.9804923000000001,0.9799855,0.061615452,0.06589298,0.8754475,0.2787062,67.82223783551464
2009_004709_hnmPGD_.png,0.9779965,0.9795457000000001,24.842628,0.9054263000000001,0.9883825,0.9829142,0.07644959,0.07856406,0.8002658,0.31990543,69.71077021806039
2009_004737_hnmPGD_.png,0.98772043,0.9868345,29.134418,0.9646845,0.9920844000000001,0.9860051,0.052789178,0.05264141,0.9093393,0.26498792,55.491020363559734
2009_004979_hnmPGD_.png,0.9860518,0.9934877000000001,28.998215000000002,0.96111876,0.99813336,0.9940114,0.037626237,0.04040284,0.9525638000000001,0.22582468,44.1953352052939
2009_005008_hnmPGD_.png,0.98897696,0.99128914,29.522097,0.96499294,0.9971127000000001,0.99193275,0.046817295,0.048444445999999995,0.93261284,0.24141271,57.77286870915549
2009_005170_hnmPGD_.png,0.9835199,0.9865874,27.010458,0.9516187,0.9953517,0.98844534,0.068247974,0.07191998,0.8761761,0.29052845,66.94693022033901
2010_000132_hnmPGD_.png,0.9833514000000001,0.9726566999999999,26.702178999999997,0.95459336,0.9963481,0.98476106,0.04827395,0.05203144,0.9261859,0.2581203,70.95079909102921
2010_000202_hnmPGD_.png,0.98337543,0.98969936,27.789036,0.96299917,0.9975501,0.9915716,0.043909385999999995,0.046979517,0.95364404,0.24815671,55.49870666930786
2010_000399_hnmPGD_.png,0.99114865,0.9938709000000001,31.334740000000004,0.97285134,0.99874127,0.9959751,0.032569975,0.035798013,0.9668372,0.20274974,42.13723692686403
2010_000567_hnmPGD_.png,0.9903291999999999,0.99132836,30.565997999999997,0.95331,0.9981089,0.9936321,0.038455814,0.038980085,0.93567044,0.22153726,60.77287320769144
2010_000712_hnmPGD_.png,0.9833894,0.9865780999999999,28.108444,0.95977104,0.9938646000000001,0.9915564,0.059979208,0.06355131,0.9212324000000001,0.2745866,58.36675947123636
2010_000971_hnmPGD_.png,0.9740515,0.97192764,25.964985000000002,0.9135992000000001,0.9849261999999999,0.9787085999999999,0.07149325,0.07702411,0.8187104000000001,0.302035,72.83258549779664
2010_001134_hnmPGD_.png,0.9814343000000001,0.9896187,25.91694,0.96723557,0.99744564,0.9882135,0.06573501,0.069857486,0.92558724,0.29231316,56.272590111926135
2010_001273_hnmPGD_.png,0.98004764,0.9819199000000001,27.387240999999996,0.9499428,0.9910511999999999,0.9835376,0.054195344000000006,0.05942079,0.8987290000000001,0.26735857,68.27991935580471
2010_001356_hnmPGD_.png,0.9730725,0.9817681,26.788140000000002,0.9205336999999999,0.99364066,0.9841028,0.05912704,0.06164296,0.90141946,0.28014809999999996,59.25565651617537
2010_001486_hnmPGD_.png,0.98578906,0.9854966999999999,29.301085999999998,0.9573298000000001,0.99619186,0.9871574000000001,0.058151852000000004,0.06056575,0.9300269,0.26592875,57.6964887107933
2010_001514_hnmPGD_.png,0.9840269,0.9755249,26.909767,0.9548853999999999,0.99475163,0.9776111999999999,0.07488884,0.08032410599999999,0.8483181999999999,0.30125892,77.4271761418416
2010_001574_hnmPGD_.png,0.9839034,0.9802448,27.355148,0.93955535,0.99244493,0.9833206,0.064683974,0.06764845,0.835507,0.28113806,70.21231698568475
2010_001675_hnmPGD_.png,0.9917278,0.98794734,32.52664,0.97121364,0.9961046,0.98920476,0.042557146,0.04626038,0.92624855,0.22077952,61.38700856102515
2010_001717_hnmPGD_.png,0.9889536,0.97370815,28.474524,0.9734009,0.99348813,0.981476,0.07662248599999999,0.08089313,0.87500507,0.30696586,0.0
2010_001731_hnmPGD_.png,0.9905337,0.9946062,29.940544,0.90868247,0.99275684,0.99534875,0.04654832,0.04813683,0.89474976,0.24652384,48.09738823730879
2010_001885_hnmPGD_.png,0.9861639999999999,0.9692431999999999,29.332678,0.95076,0.99330676,0.9877166,0.062094953,0.067291886,0.8687541999999999,0.26990998,79.58432901374896
2010_001973_hnmPGD_.png,0.98673046,0.98672676,28.454773,0.94057953,0.9947764000000001,0.99108005,0.04792485,0.04930965599999999,0.9135233,0.24932633,56.61496188427605
2010_002218_hnmPGD_.png,0.98153174,0.980982,26.654457,0.9621506,0.9939273000000001,0.9889256,0.07286162,0.07455116,0.9130924000000001,0.30428308,69.03663183004237
2010_002379_hnmPGD_.png,0.97451353,0.9761411,24.748573,0.93988335,0.98993796,0.9838677,0.069424905,0.07502786,0.89926225,0.30301768,77.67902946275711
2010_002388_hnmPGD_.png,0.9779319,0.9770619,23.517263,0.8929915,0.9816235000000001,0.97106534,0.079031155,0.08195963,0.8011976,0.32628474,77.53529023036558
2010_002392_hnmPGD_.png,0.99400634,0.9905627,33.760265000000004,0.97085494,0.9975521999999999,0.9933575000000001,0.03873609,0.04044841,0.9516036,0.21062653,51.29519970745797
2010_002614_hnmPGD_.png,0.9816321,0.9734229999999999,26.452454,0.9413007,0.99344987,0.9817956,0.050934043,0.056297485,0.89419043,0.26607,66.35450879825653
2010_002704_hnmPGD_.png,0.97643656,0.97022265,25.447124,0.9246089,0.9945584999999999,0.9868280999999999,0.057019994000000004,0.0616668,0.9159308,0.27936104,71.40848577313898
2010_002729_hnmPGD_.png,0.97670877,0.9716655999999999,26.918457,0.93274415,0.9902869000000001,0.9827189000000001,0.06349591,0.06645957400000001,0.89912885,0.2852894,69.56421842393011
2010_002740_hnmPGD_.png,0.99078953,0.98564166,31.35875,0.9389,0.9975441999999999,0.99389714,0.042746216,0.04441513,0.9433870000000001,0.23039916,59.042941490651394
2010_002801_hnmPGD_.png,0.9891110999999999,0.9929600000000001,29.457808,0.9717298000000001,0.9971975000000001,0.9951030999999999,0.038695484,0.04161146,0.94920075,0.22922394,45.08849235135473
2010_002830_hnmPGD_.png,0.9825549000000001,0.98805493,25.558594,0.9492989,0.99393064,0.9779384,0.09367235,0.09814157,0.79827636,0.34132436,67.63512611381981
2010_002842_hnmPGD_.png,0.99091953,0.99293137,29.935751,0.97162765,0.99543315,0.9902849,0.042653013,0.044653248,0.9546146000000001,0.23173089999999996,49.98370332751672
2010_002965_hnmPGD_.png,0.97391146,0.9610854999999999,24.525564000000003,0.91316396,0.9832380999999999,0.9762109,0.07527694,0.07889417,0.8129460999999999,0.3061962,86.16464205936039
2010_003047_hnmPGD_.png,0.99150264,0.9939027,32.47497,0.9708418,0.9981189,0.99420226,0.042858336,0.04378726,0.9593146,0.22453763,47.78705767735164
2010_003050_hnmPGD_.png,0.9858536,0.98787874,29.049953000000002,0.95605534,0.9954072,0.98418117,0.06045069,0.06318203,0.8610355,0.26852940000000003,65.21143508959159
2010_003101_hnmPGD_.png,0.9867058000000001,0.9917881,27.292114,0.9729745000000001,0.9920008,0.9939495999999999,0.07136774,0.07509153,0.9426142,0.29503933,65.4779043057121
2010_003329_hnmPGD_.png,0.9829773999999999,0.9765971999999999,29.608946000000003,0.9306635,0.99635106,0.9878123,0.06360778,0.0672008,0.90102315,0.273192,80.08779839957329
2010_003380_hnmPGD_.png,0.9926060999999999,0.9948450999999999,28.567503000000002,0.9747258,0.99745417,0.9925643,0.040479627000000004,0.042989604,0.92896605,0.23168688,48.512878657507464
2010_003418_hnmPGD_.png,0.98047495,0.98611325,27.703684000000003,0.91027194,0.99028116,0.9883289000000001,0.05511685,0.05757911,0.8959451999999999,0.27087,59.07245326531665
2010_003531_hnmPGD_.png,0.9798110999999999,0.97256136,26.585693,0.94543654,0.9881853999999999,0.98314583,0.06879055,0.07119665,0.89156795,0.29496079999999997,74.89414167837991
2010_003539_hnmPGD_.png,0.9762327,0.96731603,25.198204,0.93549633,0.99469054,0.9729565,0.094450064,0.10229515,0.78569955,0.33811173,86.77520682179251
2010_003554_hnmPGD_.png,0.9838238000000001,0.9860450999999999,28.325397,0.9433314,0.9944661,0.9870213,0.055607687999999995,0.059007185999999996,0.8976724,0.25849965,61.32736614683246
2010_003582_hnmPGD_.png,0.9841931999999999,0.9879530999999999,27.288357,0.9377386000000001,0.99366945,0.9857264000000001,0.0418464,0.047569633,0.8734155,0.24130355,54.75070437507061
2010_003651_hnmPGD_.png,0.98138547,0.9828314,27.078657,0.95290923,0.9945642,0.9861261,0.061231636,0.06336514,0.9229179,0.2743505,67.6694820957145
2010_003746_hnmPGD_.png,0.97879505,0.9853069,27.29986,0.9444915,0.9953713,0.9865393,0.059856392,0.06207223,0.9128856,0.27737272,60.983362697262926
2010_003752_hnmPGD_.png,0.98779213,0.9790764000000001,28.6833,0.95310867,0.99463767,0.9895008,0.06205431,0.06622015,0.880016,0.27419308,72.35260312954149
2010_003755_hnmPGD_.png,0.9828431000000001,0.97933996,27.713919,0.94965005,0.99554193,0.9799299000000001,0.076069266,0.082440406,0.8548783999999999,0.2988804,72.7865227794009
2010_003818_hnmPGD_.png,0.9788735999999999,0.97429866,23.812572,0.9365457,0.98421735,0.9697085999999999,0.09865699,0.101661704,0.70022136,0.35255890000000006,77.32911019203458
2010_003943_hnmPGD_.png,0.9787165000000001,0.98327816,26.266312,0.9413286,0.9952164000000001,0.98768294,0.05635790000000001,0.059980325,0.9105224000000001,0.2790658,66.13425840198569
2010_003961_hnmPGD_.png,0.98815393,0.97967255,28.212790999999996,0.9588931,0.99571,0.9848442,0.06398854,0.069263436,0.8435135,0.27219144,74.02567271035636
2010_004010_hnmPGD_.png,0.9894716,0.9918606,29.106704999999998,0.95667154,0.9971724000000001,0.99300885,0.042741145999999994,0.04508727,0.9325030000000001,0.23304525,48.22296252920724
2010_004023_hnmPGD_.png,0.9840209000000001,0.98479176,27.557465000000004,0.95988846,0.99472755,0.984028,0.07245319,0.07398193,0.8590714,0.30344155,72.86478894897687
2010_004062_hnmPGD_.png,0.98536825,0.9864065000000001,28.741923999999997,0.9570390999999999,0.99656063,0.99223846,0.047553904,0.049425263,0.9516623,0.24789752,55.60256290914401
2010_004107_hnmPGD_.png,0.98015463,0.9790813,26.641091999999997,0.9308018,0.9961634,0.9761280999999999,0.08477422,0.09113703,0.8051721,0.31825092,81.38613196902743
2010_004145_hnmPGD_.png,0.9758732,0.97132033,23.991156,0.8995450999999999,0.98861265,0.97955865,0.074786246,0.078712836,0.7820625,0.30600348,80.58875143660079
2010_004223_hnmPGD_.png,0.9730774999999999,0.9828396999999999,26.73047,0.86374474,0.9949584,0.977342,0.07834152,0.079186045,0.8508585,0.31205243,64.79813423079175
2010_004283_hnmPGD_.png,0.9756894,0.97345966,25.06725,0.8902691999999999,0.9919825000000001,0.9772548000000001,0.08088972,0.08503257,0.7765121,0.32292116,75.22644888483596
2010_004676_hnmPGD_.png,0.98410106,0.96920717,27.951982,0.94992894,0.99299574,0.9847654,0.07129917,0.07519485,0.86077636,0.28792608,81.44493292930223
2010_004681_hnmPGD_.png,0.9797530000000001,0.9780110999999999,26.80772,0.9460723,0.9922281999999999,0.9809308000000001,0.06399946,0.06595179400000001,0.87841326,0.2874055,69.38667085765148
2010_004757_hnmPGD_.png,0.9804238999999999,0.97982824,26.655987,0.94534147,0.9928343000000001,0.98357874,0.05874458,0.061972108,0.9094225,0.27838778,67.52164808906166
2010_005055_hnmPGD_.png,0.9781753000000001,0.9893929,26.043571,0.9422537,0.9956721,0.9804709,0.056752792999999996,0.061023787,0.8774582000000001,0.27947778,52.24364233769556
2010_005082_hnmPGD_.png,0.9764514000000001,0.97803897,26.831024,0.9407183000000001,0.99225086,0.9786790999999999,0.065284915,0.06736203,0.8912613000000001,0.29393850000000005,64.04341533677567
2010_005483_hnmPGD_.png,0.9865265999999999,0.9854643,27.845097999999997,0.9556435999999999,0.9965832,0.9915815999999998,0.048485965,0.051029168,0.92734224,0.24884742,58.51486534049388
2010_005592_hnmPGD_.png,0.9822155999999999,0.9765328000000001,27.555215999999998,0.9479752,0.99030465,0.98653066,0.073905975,0.079682685,0.8844146,0.29837626,74.94176685956276
2010_005762_hnmPGD_.png,0.9844569,0.9897315000000001,28.996354999999998,0.9613619000000001,0.99668914,0.993555,0.04410946,0.048555832,0.9498207000000001,0.2399825,53.670891369333106
2010_005932_hnmPGD_.png,0.97388285,0.9733925999999999,24.590656,0.92964333,0.98974526,0.9843780999999999,0.08446954,0.08950356,0.8512763000000001,0.32753342,78.38653773258827
2010_005973_hnmPGD_.png,0.98017013,0.9769466999999998,27.407642,0.94530094,0.9928935999999999,0.9838328000000002,0.065110646,0.06953283,0.8813445,0.28523567,74.47719175136784
2010_005992_hnmPGD_.png,0.9782828000000001,0.97526956,27.035099,0.9418815999999999,0.99173343,0.98784846,0.06262918599999999,0.06458958,0.9224184000000001,0.28473723,72.45883608333008
2010_006320_hnmPGD_.png,0.98004216,0.97145814,25.391026,0.9527563,0.98196775,0.98595136,0.06261802,0.0661432,0.8956481,0.29236764,74.796824440762
2010_006568_hnmPGD_.png,0.9743417999999999,0.9719834,24.465971,0.91515696,0.9881389000000002,0.97275764,0.07977089999999999,0.082909234,0.79076767,0.31991094,80.31396157077386
2011_000066_hnmPGD_.png,0.9829334000000001,0.9792094000000001,28.650536,0.9530084999999999,0.9953006,0.9908261999999999,0.06436062599999999,0.066857494,0.922334,0.2814325,74.59280986339022
2011_000145_hnmPGD_.png,0.98008287,0.9842752,27.096928000000002,0.9059953000000002,0.9928372999999999,0.9845427999999999,0.049008008,0.05204127,0.8819891,0.26343554,54.9310306089078
2011_000249_hnmPGD_.png,0.97832954,0.9824729999999999,24.904737,0.959944,0.99333954,0.9871588,0.053244665,0.05807001,0.9293101,0.27560225,65.7876806953246
2011_000299_hnmPGD_.png,0.98912966,0.9885016999999999,30.461235,0.96664405,0.9923994,0.9900073,0.0444223,0.04755977,0.92727923,0.2313451,55.18206377813956
2011_000468_hnmPGD_.png,0.97819895,0.9829921,26.317612,0.9468899,0.99584925,0.9903658000000001,0.050949384,0.055036987999999995,0.9321298000000001,0.26312375,52.36632682926617
2011_000482_hnmPGD_.png,0.9913784,0.99006385,30.010447999999997,0.9699595,0.99682266,0.9926286,0.040464777,0.043655094000000005,0.9293263,0.22331958,54.89049184182276
2011_000514_hnmPGD_.png,0.9800072,0.97271746,26.323165999999997,0.92717063,0.98407936,0.9801152,0.06887172,0.06984211,0.85134864,0.29406086,74.52304186838842
2011_000531_hnmPGD_.png,0.98818934,0.9891045,30.243472999999998,0.93969786,0.9961815,0.98988944,0.04973799,0.050193332,0.9262534,0.24902654,59.27002578714213
2011_000565_hnmPGD_.png,0.9799409,0.98347807,28.184727000000002,0.9037294,0.9931388000000001,0.98684794,0.058922123,0.060368307,0.89332205,0.27184949999999997,65.31039410431579
2011_000622_hnmPGD_.png,0.9855223,0.9852004000000001,27.576317,0.919249,0.9927190999999999,0.9857261999999999,0.060721267,0.06311733,0.85997134,0.27444407,63.25822232822521
2011_000656_hnmPGD_.png,0.98834777,0.9921402,29.010140999999997,0.95586526,0.9972446,0.99045056,0.03796048,0.041480277,0.9071513000000001,0.22161682,55.240045002456526
2011_000661_hnmPGD_.png,0.9861521999999999,0.9740416,27.321503000000003,0.96547914,0.99310225,0.9803593,0.070497386,0.07424626,0.8459669,0.29353043,74.99305804469938
2011_000734_hnmPGD_.png,0.9727969000000001,0.9721869000000001,26.021564,0.9211753,0.9880045,0.9751178,0.08167942,0.08278912,0.8256152,0.32714698,81.21614302347457
2011_000774_hnmPGD_.png,0.9834094000000001,0.9727143,27.426622,0.94582915,0.9944111999999999,0.98643756,0.06734804,0.07178046,0.8884642,0.28615457,78.28183298164566
2011_000820_hnmPGD_.png,0.98778665,0.9914799999999999,26.785428999999997,0.9591908000000001,0.99768203,0.989231,0.056340154,0.059030447,0.8914344000000001,0.26776683,58.40414254656835
2011_000882_hnmPGD_.png,0.9774301999999999,0.98288935,25.768726,0.9335527,0.99054104,0.98649585,0.0641161,0.06650647,0.87565553,0.28917062,61.17040903588263
2011_000888_hnmPGD_.png,0.98207825,0.9806440000000001,27.919762,0.96047366,0.994409,0.98384845,0.07481221,0.07688474,0.89177644,0.30711052,67.14037551693053
2011_000901_hnmPGD_.png,0.98361415,0.9881829,26.85786,0.9542669,0.9959912000000001,0.98791295,0.05888917,0.061624005,0.8989746,0.26993662,58.644842173627715
2011_000919_hnmPGD_.png,0.98977125,0.9902290000000001,29.400143,0.97427136,0.9965284,0.9926702,0.038038954,0.04095459,0.9488860999999998,0.22761320000000002,47.10005171827844
2011_000983_hnmPGD_.png,0.9789447,0.98244476,28.502281,0.92989117,0.99575585,0.9890431000000001,0.060697685999999994,0.060468215,0.925859,0.27440315,69.70786868796009
2011_001004_hnmPGD_.png,0.99168015,0.9926995000000001,30.414364000000003,0.9702966000000001,0.9965603999999999,0.9920631999999999,0.056954764000000005,0.059130713,0.9285072,0.26262245,53.43663036865608
2011_001016_hnmPGD_.png,0.9752042,0.9736351000000001,23.408524,0.9445171999999998,0.99317324,0.9727747,0.10675859,0.11139755,0.75401056,0.36615613,71.93161386533222
2011_001034_hnmPGD_.png,0.98047876,0.97452986,26.401451,0.9596934000000001,0.9896902,0.98444676,0.07445077,0.077667706,0.89984125,0.30770794,73.76041804222432
2011_001106_hnmPGD_.png,0.98100865,0.97965705,27.429405,0.923925,0.9930393,0.9876185,0.049354844,0.05207763,0.8997421999999998,0.26040247,63.489346300410396
2011_001111_hnmPGD_.png,0.98079205,0.9863179,25.80669,0.9460099000000001,0.9834144,0.9830402,0.06750009,0.069388136,0.80789214,0.2936935,62.795193754524014
2011_001138_hnmPGD_.png,0.9879627000000001,0.9883163,29.680396999999996,0.97302854,0.9959305,0.99259955,0.04910450400000001,0.051493432,0.95084333,0.24974488,55.575271741968095
2011_001292_hnmPGD_.png,0.9837300999999999,0.9875401,29.126520000000003,0.95944345,0.99753606,0.99248236,0.057175300000000005,0.057588883,0.9381038,0.2688144,53.16104153190588
2011_001360_hnmPGD_.png,0.9840758,0.9881341,27.711146999999997,0.97012866,0.99502355,0.99030817,0.059797153,0.06393881,0.93601066,0.27521482,57.99471790902553
2011_001366_hnmPGD_.png,0.9867870000000001,0.99051857,29.17653,0.9602006999999999,0.99757755,0.98937434,0.05039803,0.05370066,0.9455128,0.246533,58.4769666774076
2011_001399_hnmPGD_.png,0.9852886000000001,0.9706222,28.032402,0.93458754,0.99116814,0.98456234,0.05923738,0.063114785,0.8230360000000001,0.26905116,79.32460708915957
2011_001464_hnmPGD_.png,0.9876436,0.98770946,27.888116999999998,0.94910043,0.98992443,0.9864951999999999,0.062418252,0.063997075,0.87138504,0.278287,66.24323737572222
2011_001534_hnmPGD_.png,0.9881216,0.9826814,29.392529999999997,0.9502895,0.9965426,0.9887696,0.052557252,0.058433982999999995,0.8641802,0.25776342,70.74111706283928
2011_001558_hnmPGD_.png,0.9772072,0.97967404,25.797867,0.9416683000000001,0.99098355,0.98561734,0.054757815,0.060788397,0.9015128000000001,0.27068517,64.30353732862366
2011_001586_hnmPGD_.png,0.9832107,0.9855398000000001,27.256104999999998,0.9397871999999999,0.9965059000000001,0.9903644,0.050014502999999995,0.055113382999999995,0.92392987,0.25441194,59.689523256848034
2011_001600_hnmPGD_.png,0.9790206,0.9790832,27.207432,0.9356370999999999,0.99302334,0.9853103999999999,0.05088621,0.0557159,0.9051481,0.26167455,67.88229788893348
2011_001632_hnmPGD_.png,0.9888505,0.9872328000000001,28.210331,0.97035307,0.99683136,0.99192435,0.051407482000000004,0.05613245,0.9314059000000001,0.24948959,64.85644060975339
2011_001645_hnmPGD_.png,0.97547364,0.96096396,24.376013,0.9248403000000001,0.9913896000000001,0.97259986,0.092491075,0.09785325,0.77072245,0.34092778,86.75165049531772
2011_001666_hnmPGD_.png,0.97623384,0.9751534,24.967973999999998,0.9177638000000001,0.9935885,0.97869086,0.07150859400000001,0.07481619,0.81985843,0.29900820000000006,72.95970210630763
2011_001668_hnmPGD_.png,0.9756944,0.9718993,24.428307,0.94114727,0.9945596999999999,0.97986484,0.06512029999999999,0.07261770000000001,0.8801484,0.28792426,77.136045061144
2011_001689_hnmPGD_.png,0.9842601999999999,0.9856056000000001,27.962982,0.9523021,0.9933103000000001,0.9888929,0.05643902,0.059132718,0.9073688,0.2648449,62.73648028237289
2011_001707_hnmPGD_.png,0.9810131999999999,0.9891863000000001,27.699436,0.9423748,0.99696684,0.99041504,0.05029386,0.05419805,0.9142264999999999,0.26595855,60.77893135136037
2011_001713_hnmPGD_.png,0.97993505,0.9665524999999999,27.720373,0.9220954,0.9898594999999999,0.9801030999999999,0.07764616,0.08063285,0.8290489,0.30547082,78.15167755649301
2011_001824_hnmPGD_.png,0.9867338999999999,0.9847083000000001,28.101398,0.9402921000000001,0.9961658000000001,0.9893645000000001,0.051996913,0.055848137,0.86512023,0.25646594,62.248249658623635
2011_001854_hnmPGD_.png,0.98024577,0.96598196,27.643753000000004,0.9337082,0.9936003000000001,0.97984505,0.07234695,0.07650462,0.85660106,0.29289222,78.52790854850387
2011_001863_hnmPGD_.png,0.97742814,0.98007345,26.544594,0.9404066999999999,0.99493563,0.9827728000000001,0.05697043,0.060954645,0.8846335,0.26984972,67.11182195313492
2011_001866_hnmPGD_.png,0.9854146999999999,0.98417664,27.781470000000002,0.9432351999999999,0.9940953000000001,0.9874708000000001,0.049973786,0.05329571,0.9139520000000001,0.25259525,63.583821302256794
2011_001906_hnmPGD_.png,0.98184395,0.9745563,27.129741999999997,0.95167917,0.9946007,0.9869898000000001,0.06457731,0.06798608,0.91148895,0.28093609999999997,73.1960326348559
2011_001972_hnmPGD_.png,0.97967356,0.9670448,27.099264,0.91754717,0.9823001,0.9787449,0.07623812599999999,0.07931782,0.8232901,0.31122443,82.49764802106412
2011_001986_hnmPGD_.png,0.98176086,0.98529863,27.314531,0.94519275,0.9940089,0.9867406999999999,0.05110172599999999,0.054630674000000004,0.8944700000000001,0.2576391,62.369536349710096
2011_002026_hnmPGD_.png,0.98061836,0.97165596,26.470309999999998,0.93669134,0.990657,0.9790879000000001,0.088144325,0.09496839,0.8194349,0.32600847,75.08657525911153
2011_002073_hnmPGD_.png,0.9796566999999999,0.9733202,26.268675,0.9380358,0.9877654,0.9713136999999998,0.05526803,0.060714885999999996,0.8525752000000001,0.27620244,67.50755864071816
2011_002075_hnmPGD_.png,0.9744754999999999,0.9671013,24.197182,0.9308923000000001,0.994022,0.9730605999999999,0.09348018,0.09736177,0.8096880999999999,0.3433059,90.94132406137716
2011_002100_hnmPGD_.png,0.97440577,0.9797231,26.000347,0.91093606,0.9857165999999999,0.98252803,0.058436642999999996,0.062250383,0.8772165999999999,0.28442857,62.783640552129974
2011_002147_hnmPGD_.png,0.976709,0.987669,25.373917000000002,0.9357529,0.99540657,0.978008,0.07372725,0.07656738,0.8157998000000001,0.30844322,65.30337124075118
2011_002241_hnmPGD_.png,0.9879344999999999,0.9895353000000001,29.423716,0.96127796,0.99653536,0.9918196,0.04373853,0.04728445,0.9355183000000001,0.23290093,48.453980314199185
2011_002252_hnmPGD_.png,0.9739110000000001,0.96579945,24.86479,0.9244128,0.991107,0.9745362,0.09060665,0.09339343,0.8176831999999999,0.33836147,89.14496329678752
2011_002260_hnmPGD_.png,0.98103523,0.9813423000000001,26.838585,0.9431690999999999,0.9939322,0.9871153,0.06032171,0.06502485,0.9004121999999999,0.27545294,65.97664739518804
2011_002265_hnmPGD_.png,0.9836792,0.99017715,27.389744,0.9622030999999999,0.99704605,0.9940912000000001,0.044731,0.050029982,0.94251347,0.25067216,60.34105438964884
2011_002313_hnmPGD_.png,0.9829075,0.9887879999999999,26.745228000000004,0.9478966999999999,0.9951969,0.9874413000000001,0.047718152,0.05212631,0.91245204,0.25716475,49.1821501215833
2011_002407_hnmPGD_.png,0.98035944,0.9835152,27.478619000000002,0.9146565999999999,0.9929674000000001,0.9910179,0.049992315,0.05544239,0.9165583,0.2569425,65.3196509108104
2011_002457_hnmPGD_.png,0.97960293,0.9676514999999999,25.669329,0.95603573,0.99573845,0.9795081,0.07433298,0.07888048,0.8833564,0.30464159999999996,77.2135038064894
2011_002461_hnmPGD_.png,0.97716904,0.96419156,27.257267,0.87139356,0.9834554,0.97252154,0.08378076,0.08702381,0.7832631,0.32028392,90.62972847239512
2011_002514_hnmPGD_.png,0.9764198000000001,0.9621059999999999,25.204956,0.9211207,0.98881835,0.9769793,0.0935939,0.097340725,0.80658287,0.33880585,86.16471889200595
2011_002531_hnmPGD_.png,0.98072565,0.98414564,26.2939,0.9281417,0.9909325999999999,0.98358727,0.058274463,0.060936823,0.88719976,0.2773889,64.19366873809042
2011_002560_hnmPGD_.png,0.9751911,0.98039734,25.95247,0.940903,0.9895824000000001,0.9884700000000001,0.06983905,0.073787935,0.9095396000000001,0.30401218,64.47156137958231
2011_002590_hnmPGD_.png,0.98322344,0.978094,24.309147,0.9669097,0.99387527,0.98211294,0.08873857,0.093848914,0.82183886,0.3351749,0.0
2011_002594_hnmPGD_.png,0.98409307,0.9922395,28.247387,0.9486722,0.99778867,0.9923790000000001,0.044979855,0.04714578,0.9231238000000002,0.24253573,51.00351971209346
2011_002601_hnmPGD_.png,0.98472637,0.9824389000000001,28.829023,0.9522173,0.9961999,0.9890298000000001,0.059891388,0.06235904,0.9097291,0.273475,64.19342919628242
2011_002687_hnmPGD_.png,0.97696984,0.97926205,25.621353,0.9522056000000001,0.9948799999999999,0.98078156,0.07522380000000001,0.07741118,0.88434833,0.3096345,68.15565022914554
2011_002697_hnmPGD_.png,0.9920143,0.9901302,30.666672,0.9774050999999999,0.99698055,0.99430776,0.04579243,0.047288465999999994,0.9599933,0.23371376,46.93149915924033
2011_002699_hnmPGD_.png,0.9873978999999999,0.9918949,29.37258,0.97135264,0.99759156,0.98975986,0.052587654000000005,0.055718254,0.9259652,0.2641182,54.56695957077963
2011_002717_hnmPGD_.png,0.9846895,0.9892373999999999,27.972590999999998,0.9611526,0.99643284,0.9903876,0.05581749999999999,0.058835194,0.92114806,0.2650398,55.43822735377361
2011_002723_hnmPGD_.png,0.97834253,0.97995293,26.602608,0.9338261,0.9936127,0.983361,0.07385797,0.07584334,0.8549795,0.30906865,76.27006496598798
2011_002750_hnmPGD_.png,0.97861886,0.9829496999999999,25.742088,0.9385657,0.99306625,0.9861747,0.062640645,0.06467063,0.8807351999999999,0.28457782,67.26633619450605
2011_002751_hnmPGD_.png,0.9808763,0.9827449,25.498653,0.9424065,0.9930017,0.97906554,0.07717359,0.08276022,0.79371345,0.3064728,74.83961508754814
2011_002752_hnmPGD_.png,0.9757544,0.98078525,24.42611,0.90005696,0.9814674000000001,0.97891474,0.09390701,0.09957742,0.7727326999999999,0.348635,80.14606671800048
2011_002756_hnmPGD_.png,0.9736074,0.96884465,26.156605,0.8835103000000001,0.9873656999999999,0.9766604999999999,0.08145668,0.08594507,0.7593346,0.31919104,80.92935873921317
2011_002808_hnmPGD_.png,0.9800426999999999,0.982635,25.612251,0.9396373,0.9900479,0.98124933,0.061756708,0.064855576,0.8541502000000001,0.28066716,72.29991417965165
2011_002810_hnmPGD_.png,0.9793758,0.97365224,25.314709,0.9359358,0.99387234,0.9863411,0.0561351,0.061465167,0.90310866,0.27457425,69.84171173159447
2011_002887_hnmPGD_.png,0.9854666,0.98924816,27.586940000000002,0.96255887,0.9972055000000001,0.9897385000000001,0.043737415,0.04645401,0.92173326,0.24292728,60.247895677284916
2011_002913_hnmPGD_.png,0.98899746,0.98381466,28.257694,0.96715707,0.9947759,0.98795974,0.05587638,0.05966851,0.9132836999999999,0.25900602,70.66182871598396
2011_002938_hnmPGD_.png,0.9858254000000001,0.98794216,26.618738,0.9696858,0.9933636999999998,0.9896236999999999,0.05843737,0.060376674000000005,0.9371494,0.2762025,60.45232232260911
2011_002942_hnmPGD_.png,0.9781183000000001,0.96394175,24.471275,0.9302741,0.9903652000000001,0.9744038,0.08494643,0.09039813,0.7657375,0.32506195,92.8289151345138
2011_002947_hnmPGD_.png,0.97685426,0.9804117,24.48125,0.9410554,0.9931968000000001,0.9777367,0.09805114,0.101791434,0.79099375,0.3580149,70.96695210348561
2011_002985_hnmPGD_.png,0.9742158999999999,0.96832573,25.126339,0.9305159,0.99493843,0.9794792,0.08243468400000001,0.08755453,0.8131444999999999,0.31775987,81.40509026737713
2011_002992_hnmPGD_.png,0.9933443999999999,0.9899832000000001,33.176056,0.9681955,0.9978664,0.993967,0.036551487,0.039217047000000005,0.9655334999999999,0.20953077,53.796006835452516
2011_002996_hnmPGD_.png,0.9752431,0.9734869,25.683876,0.9219552,0.9951128,0.9820749,0.082345285,0.085196815,0.8693438,0.32030225,76.57144901842331
2011_003002_hnmPGD_.png,0.9877389999999999,0.9922261,26.440006,0.97097933,0.9970148999999999,0.9851154000000001,0.061075218,0.062642455,0.89304626,0.2836869,60.00435638379781
2011_003011_hnmPGD_.png,0.9765302,0.9729146000000001,27.054470000000002,0.9225097,0.9583010000000001,0.98019475,0.07715552,0.07749719,0.8339964,0.30870605,76.3520790657573
2011_003030_hnmPGD_.png,0.9765353000000001,0.9615935999999999,26.14149,0.9085065000000001,0.9916714,0.97013986,0.09051589,0.09465379,0.73235995,0.32771409999999995,98.38233036850971
2011_003034_hnmPGD_.png,0.9911448,0.9951388000000001,30.396212,0.97632396,0.99901336,0.99466497,0.038627163,0.04237267,0.9591988000000001,0.22263093,44.6402988767
2011_003039_hnmPGD_.png,0.98762435,0.9829619,28.96436,0.96248645,0.99553376,0.990008,0.048280288,0.052414104,0.9277076999999999,0.24904504,65.68708330315762
2011_003074_hnmPGD_.png,0.99202085,0.99294555,30.183228000000003,0.977331,0.9982436,0.99185,0.04846607,0.049861095999999994,0.9443268,0.24112399,54.45043483198458
2011_003079_hnmPGD_.png,0.9745831,0.96102023,25.743208,0.8771908000000002,0.9911174999999999,0.97295845,0.077662766,0.08246416599999999,0.7842774,0.31060279999999996,80.44014669075911
2011_003111_hnmPGD_.png,0.9802917,0.9674853999999999,26.764738,0.8409139000000001,0.9812767,0.9776574,0.08026612,0.08464102,0.7309585999999999,0.31370017,84.19850917741162
2011_003121_hnmPGD_.png,0.9844285,0.9893931999999999,27.320615999999998,0.9630203000000002,0.996448,0.98940396,0.05293497,0.057060797,0.913164,0.26424813,54.44483430182571
2011_003169_hnmPGD_.png,0.9919073,0.9957103999999999,30.755531,0.9720408000000001,0.99837697,0.9945392,0.029965362000000002,0.032116145,0.959239,0.20759764,36.59677580673953
2011_003176_hnmPGD_.png,0.97790515,0.97966754,25.111732,0.90270394,0.97961396,0.97784364,0.063115135,0.06633144,0.81716675,0.28279307,72.9701941222879
2011_003183_hnmPGD_.png,0.97560114,0.97142667,25.881567,0.9236323000000001,0.9899738000000001,0.9812458000000001,0.06968644,0.07293785,0.86189973,0.3028675,72.66253010295588
2011_003194_hnmPGD_.png,0.9804787,0.98363936,24.676678,0.92473596,0.99242055,0.98292285,0.065074414,0.068455316,0.85360986,0.29133204,74.94235730242859
2011_003197_hnmPGD_.png,0.9785538,0.9738984,24.941032,0.96082574,0.99572957,0.98468566,0.06712739999999999,0.07087917,0.9116175999999999,0.29869762,70.69476032441686
2011_003201_hnmPGD_.png,0.9812733,0.9660783000000002,26.206303,0.9403904000000001,0.97721225,0.98265207,0.07551905,0.08014856,0.8451257,0.3061503,84.37341634620749
2011_003205_hnmPGD_.png,0.9784833000000001,0.9882148999999999,24.311253,0.9402299999999999,0.9973127,0.9882533000000001,0.05004137,0.054861862000000004,0.89769626,0.27714834,52.03379552076499
2011_003207_hnmPGD_.png,0.9842168,0.97982407,26.407108,0.9536653,0.99582267,0.9816540000000001,0.08287291,0.08776874,0.8472569999999999,0.31699553,79.50477240212587
2011_003253_hnmPGD_.png,0.97760695,0.97002333,26.680069,0.9384450000000001,0.9937203000000001,0.97687894,0.08477989999999999,0.08957065,0.8363485999999999,0.32336729999999997,78.8377439928149
2011_003254_hnmPGD_.png,0.9822091999999999,0.98574543,26.38097,0.94825804,0.992656,0.9867077,0.071088426,0.075224295,0.8698555,0.29457572,62.321035125546636
2011_003271_hnmPGD_.png,0.9775865,0.9791829,26.082672,0.9450394,0.99168676,0.9863246999999999,0.06639776,0.067713805,0.89706546,0.2999168,59.47403704986228
2011_003275_hnmPGD_.png,0.98061395,0.98153055,26.309784000000004,0.85159755,0.9863927,0.9852774,0.06432634,0.06838447,0.80565983,0.28304565,68.79104313530739
2011_004147_hnmPGD_.png,0.99386877,0.9936492,30.966112,0.9821476,0.99840546,0.994499,0.043876215999999996,0.047640905,0.94742227,0.23108827,45.54415032961344
2011_004969_hnmPGD_.png,0.98173136,0.9843642,25.756757999999998,0.9434161,0.9912141,0.9849532,0.06673192,0.06890109,0.8597128,0.29825762,68.5126597088169
2011_006099_hnmPGD_.png,0.97472906,0.97416306,25.40269,0.9454998,0.9920896999999999,0.97955453,0.07405421,0.08108617,0.8611489999999999,0.3067098,78.07880470931963
2011_006650_hnmPGD_.png,0.97713935,0.9735128000000001,26.527994,0.8719813,0.9920501,0.9749184999999999,0.07322907,0.07538275,0.8158342,0.3136624,68.39429437352372
2011_006936_hnmPGD_.png,0.98016167,0.99144745,25.988757999999997,0.96390176,0.9967594999999999,0.99161446,0.05264823,0.05483897,0.92908293,0.27207044,47.11170975794046
2011_007061_hnmPGD_.png,0.9908844000000001,0.99617374,28.871483,0.9766916999999999,0.99748963,0.9918578000000001,0.041107297,0.043823935,0.93124264,0.23377377,41.91078200330105
2011_007124_hnmPGD_.png,0.97871083,0.9853062,24.020178,0.9705212999999999,0.97271466,0.9822431999999999,0.085054845,0.085782684,0.9241235000000001,0.3394473,69.42808659132454
2012_000291_hnmPGD_.png,0.98230475,0.9867336999999999,25.90437,0.9518257,0.9898804,0.98370177,0.062360375999999995,0.06405776,0.8765761999999999,0.2830509,61.67469853376168
2012_000553_hnmPGD_.png,0.9822247,0.9872755,26.426828000000004,0.96447307,0.99745274,0.9881484,0.05902578,0.06333960599999999,0.9131733,0.27997178,60.82911316889062
2012_000892_hnmPGD_.png,0.9755938,0.9806514000000001,26.312037,0.92958874,0.9938475,0.98119235,0.08178716,0.08429766,0.8558866,0.3207488,65.16170371759223
2012_001124_hnmPGD_.png,0.9796485999999999,0.98521227,27.050715999999998,0.9483050999999999,0.99095917,0.98804474,0.06329641,0.0652402,0.8996027,0.28983822,57.7863853853402
2012_001398_hnmPGD_.png,0.977234,0.98558563,26.445602,0.95087314,0.9970564000000001,0.98993134,0.05359779,0.056148215999999994,0.94617254,0.2722659,55.88146748161992
2012_001407_hnmPGD_.png,0.9805469000000001,0.98303807,26.326404999999998,0.95341545,0.99277157,0.98876125,0.058354907000000004,0.062074322,0.91300213,0.27255395,61.362042153549126
2012_001408_hnmPGD_.png,0.9757021999999999,0.97132385,25.19302,0.8680266,0.9840844999999999,0.97639704,0.0878877,0.09155826,0.72907573,0.32925013,76.50477028126389
2012_001680_hnmPGD_.png,0.9809466999999998,0.98868287,24.94616,0.9382440999999999,0.9955135,0.9831171999999999,0.053220767999999995,0.060071535,0.8077257,0.27065456,53.65827986748597
2012_001771_hnmPGD_.png,0.99039245,0.9917234,29.591494,0.96640676,0.9949239,0.9931259,0.053556427000000004,0.057338502,0.939349,0.25626448,54.06083662849921
2012_001825_hnmPGD_.png,0.97531724,0.97232234,23.556252,0.93893397,0.9895902,0.974333,0.09374386,0.10018555,0.7916065,0.34520093,66.92422247184143
2012_001882_hnmPGD_.png,0.97668064,0.97169685,25.261806,0.936672,0.9915389000000001,0.98210996,0.058091885999999995,0.06372843,0.8856984,0.27826226,70.2103235918448
2012_001967_hnmPGD_.png,0.9850661000000001,0.987426,28.723083000000003,0.96316713,0.99563795,0.9892972,0.06155582,0.06225273,0.9312735000000001,0.27936035,59.34890588222647
2012_002068_hnmPGD_.png,0.9813472,0.98621595,26.650545,0.9628214,0.99701136,0.98905,0.064140074,0.066432305,0.92216814,0.29154462,58.72270831537645
2012_002112_hnmPGD_.png,0.98002595,0.98559374,25.382504,0.9576259,0.99121326,0.98542845,0.055731624,0.05984668,0.8959822000000001,0.2747599,65.27449505975379
2012_002184_hnmPGD_.png,0.9810578000000001,0.9804437,25.65871,0.94709337,0.98932546,0.9854339,0.06591207,0.069745556,0.87127256,0.29625225,70.3907053947331
2012_002471_hnmPGD_.png,0.9771895,0.97721815,25.198118,0.9194518,0.9921669,0.9831733,0.075546764,0.07904775,0.8269086999999999,0.30782366,72.37832355761815
2012_002878_hnmPGD_.png,0.9762535,0.97750986,25.459822,0.89145637,0.9892536,0.9792731,0.086987786,0.09244739,0.78740084,0.32736748,73.84525407768561
2012_002911_hnmPGD_.png,0.97642887,0.98827904,25.7262,0.95032346,0.9970995999999999,0.9870226000000001,0.0614507,0.06546382,0.90340257,0.28501832,60.91790751971988
2012_003160_hnmPGD_.png,0.9923141,0.99413717,30.045386999999998,0.9815166999999999,0.9964950999999999,0.9944158000000001,0.035711937,0.037419733,0.95363206,0.21723130000000002,45.79264023420815
2012_003173_hnmPGD_.png,0.9823344999999999,0.9823390999999999,27.153290000000002,0.9567215,0.99490786,0.99020714,0.046803515,0.051489547000000004,0.92236894,0.255947,67.14699371552271
2012_003372_hnmPGD_.png,0.9859323,0.98669624,27.480219,0.96937734,0.9956502,0.9872154000000001,0.06396666,0.06644995,0.9085931999999999,0.28232402,61.84260077514609
2012_003386_hnmPGD_.png,0.97992754,0.97961825,25.431025,0.9313046,0.98377275,0.98453754,0.06480368,0.06811841,0.86670005,0.28784397,81.09378251092392
2012_003508_hnmPGD_.png,0.9793743,0.98497427,25.352352,0.95727414,0.9950421,0.98132527,0.06801006,0.07192381,0.85781604,0.29650920000000003,67.2997181958219
2012_003628_hnmPGD_.png,0.9879211999999999,0.990253,29.079533,0.94834125,0.99644095,0.9926010000000001,0.03681924,0.03945794,0.9265742,0.22509506,54.05862453999277
2012_003701_hnmPGD_.png,0.97741246,0.9809127000000001,25.064497,0.9254063,0.9938440000000001,0.9838329,0.06358059,0.06856221,0.8645169,0.28599873,69.00526327672924
2012_003731_hnmPGD_.png,0.98957634,0.99141496,31.168509000000004,0.9677985,0.99780047,0.9955575999999999,0.047417507000000005,0.04927029,0.9565998,0.24047226,53.4852286871162
2012_003793_hnmPGD_.png,0.9894911,0.98869157,30.456432,0.9679823000000001,0.9966799999999999,0.9894224,0.052801702,0.055417206,0.93214625,0.25489083,64.42723281470943
2012_003969_hnmPGD_.png,0.9773466000000001,0.9777082,24.416859,0.92618054,0.99093765,0.9752120999999999,0.08435309,0.0872433,0.77737343,0.32837293,75.03495620600405
2012_003983_hnmPGD_.png,0.97635615,0.97162473,25.307807999999998,0.90389323,0.9892221,0.98197454,0.07124182,0.07643958,0.82459354,0.3029245,74.62600840842438
2012_004015_hnmPGD_.png,0.9736408999999999,0.9720416,24.788683,0.892975,0.9810603000000001,0.9773898000000001,0.082170255,0.08638719,0.8075571,0.32307652,81.20541252228608
2012_004051_hnmPGD_.png,0.97711724,0.9809562,24.496609,0.93528616,0.9926024,0.98308986,0.06391457,0.07090068599999999,0.8765904,0.28670496,68.77127126084771
2012_004064_hnmPGD_.png,0.9762238999999999,0.9811181000000001,25.854546,0.9333938,0.99303627,0.98477954,0.06643652,0.07067747,0.86205006,0.2910627,62.89668064072438
2012_004067_hnmPGD_.png,0.98650587,0.99159515,28.490694,0.96145934,0.996826,0.99129826,0.04574824,0.048730842999999996,0.9249671,0.24504733,50.649645522412236
2012_004088_hnmPGD_.png,0.9762685,0.98266166,25.964632,0.93140537,0.99471176,0.9895086999999999,0.051694399999999995,0.055772102999999996,0.89050955,0.27311456,52.274554453948475
2012_004102_hnmPGD_.png,0.98024887,0.9795364,25.579956,0.9410613000000001,0.9930978000000001,0.97778,0.06824271,0.07313914,0.8561903000000001,0.29286492,73.46131483869542
2012_004115_hnmPGD_.png,0.97952765,0.98699397,25.45625,0.95699626,0.9976235000000001,0.98851186,0.049671825,0.05612023,0.9070748,0.26479899999999995,64.54489827901341
